This file contains any messages produced by compilers while
running configure, to aid debugging if configure makes a mistake.

It was created by libffi configure 3.4.2, which was
generated by GNU Autoconf 2.72.  Invocation command line was

  $ /home/gia82/adware_killer/.buildozer/android/platform/build-arm64-v8a_armeabi-v7a/build/other_builds/libffi/arm64-v8a__ndk_target_24/libffi/configure --host=aarch64-linux-android --prefix=/home/gia82/adware_killer/.buildozer/android/platform/build-arm64-v8a_armeabi-v7a/build/other_builds/libffi/arm64-v8a__ndk_target_24/libffi --disable-builddir --enable-shared

## --------- ##
## Platform. ##
## --------- ##

hostname = ThinhGia
uname -m = x86_64
uname -r = 6.18.33.2-microsoft-standard-WSL2
uname -s = Linux
uname -v = #1 SMP PREEMPT_DYNAMIC Thu Jun 18 21:54:43 UTC 2026

/usr/bin/uname -p = unknown
/bin/uname -X     = unknown

/bin/arch              = x86_64
/usr/bin/arch -k       = unknown
/usr/convex/getsysinfo = unknown
/usr/bin/hostinfo      = unknown
/bin/machine           = unknown
/usr/bin/oslevel       = unknown
/bin/universe          = unknown

PATH: /home/gia82/.buildozer/android/platform/android-ndk-r28c/toolchains/llvm/prebuilt/linux-x86_64/bin/
PATH: /home/gia82/.buildozer/android/platform/android-ndk-r28c/
PATH: /home/gia82/.buildozer/android/platform/android-sdk/tools/
PATH: /home/gia82/.buildozer/android/platform/apache-ant-1.9.4/bin/
PATH: /home/gia82/adware_killer/.venv/bin/
PATH: /home/gia82/.local/bin/
PATH: /usr/local/sbin/
PATH: /usr/local/bin/
PATH: /usr/sbin/
PATH: /usr/bin/
PATH: /sbin/
PATH: /bin/
PATH: /usr/games/
PATH: /usr/local/games/
PATH: /usr/lib/wsl/lib/
PATH: /mnt/c/Program Files/WindowsApps/MicrosoftCorporationII.WindowsSubsystemForLinux_2.7.12.0_x64__8wekyb3d8bbwe/
PATH: /mnt/c/Program Files (x86)/Common Files/Intel/Shared Libraries/redist/intel64/compiler/
PATH: /mnt/c/Windows/system32/
PATH: /mnt/c/Windows/
PATH: /mnt/c/Windows/System32/Wbem/
PATH: /mnt/c/Windows/System32/WindowsPowerShell/v1.0/
PATH: /mnt/c/Windows/System32/OpenSSH/
PATH: /mnt/c/Program Files (x86)/NVIDIA Corporation/PhysX/Common/
PATH: /mnt/c/Program Files/NVIDIA Corporation/NVIDIA NvDLISR/
PATH: /mnt/c/Program Files/dotnet/
PATH: /mnt/c/Users/gia82/AppData/Local/Programs/Python/Python311/Scripts/
PATH: /mnt/c/Users/gia82/AppData/Local/Programs/Python/Python311/
PATH: /mnt/c/Users/gia82/AppData/Local/Microsoft/WindowsApps/


## ----------- ##
## Core tests. ##
## ----------- ##

configure:3104: looking for aux files: ltmain.sh compile missing install-sh config.guess config.sub
configure:3117:  trying ./
configure:3146:   ./ltmain.sh found
configure:3146:   ./compile found
configure:3146:   ./missing found
configure:3128:   ./install-sh found
configure:3146:   ./config.guess found
configure:3146:   ./config.sub found
configure:3268: checking build system type
configure:3284: result: x86_64-pc-linux-android
configure:3304: checking host system type
configure:3319: result: aarch64-unknown-linux-android
configure:3339: checking target system type
configure:3354: result: aarch64-unknown-linux-android
configure:3454: checking for gsed
configure:3491: result: sed
configure:3520: checking for a BSD-compatible install
configure:3594: result: /usr/bin/install -c
configure:3605: checking whether sleep supports fractional seconds
configure:3621: result: yes
configure:3624: checking filesystem timestamp resolution
configure:3759: result: 0.01
configure:3764: checking whether build environment is sane
configure:3809: result: yes
configure:3871: checking for aarch64-linux-android-strip
configure:3904: result: /home/gia82/.buildozer/android/platform/android-ndk-r28c/toolchains/llvm/prebuilt/linux-x86_64/bin/llvm-strip --strip-unneeded
configure:3976: checking for a race-free mkdir -p
configure:4019: result: /usr/bin/mkdir -p
configure:4026: checking for gawk
configure:4047: found /usr/bin/gawk
configure:4059: result: gawk
configure:4070: checking whether make -j4 sets $(MAKE)
configure:4094: result: yes
configure:4120: checking whether make -j4 supports nested variables
configure:4139: result: yes
configure:4153: checking xargs -n works
configure:4169: result: yes
configure:4254: checking whether UID '1000' is supported by ustar format
configure:4260: result: yes
configure:4267: checking whether GID '1000' is supported by ustar format
configure:4273: result: yes
configure:4281: checking how to create a ustar tar archive
configure:4292: tar --version
tar (GNU tar) 1.35
Copyright (C) 2023 Free Software Foundation, Inc.
License GPLv3+: GNU GPL version 3 or later <https://gnu.org/licenses/gpl.html>.
This is free software: you are free to change and redistribute it.
There is NO WARRANTY, to the extent permitted by law.

Written by John Gilmore and Jay Fenlason.
configure:4295: $? = 0
configure:4335: tardir=conftest.dir && eval tar --format=ustar -chf - "$tardir" >conftest.tar
configure:4338: $? = 0
configure:4342: tar -xf - <conftest.tar
configure:4345: $? = 0
configure:4347: cat conftest.dir/file
GrepMe
configure:4350: $? = 0
configure:4365: result: gnutar
configure:4419: checking for aarch64-linux-android-gcc
configure:4452: result: /home/gia82/.buildozer/android/platform/android-ndk-r28c/toolchains/llvm/prebuilt/linux-x86_64/bin/clang -target aarch64-linux-android24 -fomit-frame-pointer -march=armv8-a -fPIC
configure:4857: checking for C compiler version
configure:4866: /home/gia82/.buildozer/android/platform/android-ndk-r28c/toolchains/llvm/prebuilt/linux-x86_64/bin/clang -target aarch64-linux-android24 -fomit-frame-pointer -march=armv8-a -fPIC --version >&5
Android (13624864, +pgo, +bolt, +lto, +mlgo, based on r530567e) clang version 19.0.1 (https://android.googlesource.com/toolchain/llvm-project 97a699bf4812a18fb657c2779f5296a4ab2694d2)
Target: aarch64-unknown-linux-android24
Thread model: posix
InstalledDir: /home/gia82/.buildozer/android/platform/android-ndk-r28c/toolchains/llvm/prebuilt/linux-x86_64/bin
configure:4877: $? = 0
configure:4866: /home/gia82/.buildozer/android/platform/android-ndk-r28c/toolchains/llvm/prebuilt/linux-x86_64/bin/clang -target aarch64-linux-android24 -fomit-frame-pointer -march=armv8-a -fPIC -v >&5
Android (13624864, +pgo, +bolt, +lto, +mlgo, based on r530567e) clang version 19.0.1 (https://android.googlesource.com/toolchain/llvm-project 97a699bf4812a18fb657c2779f5296a4ab2694d2)
Target: aarch64-unknown-linux-android24
Thread model: posix
InstalledDir: /home/gia82/.buildozer/android/platform/android-ndk-r28c/toolchains/llvm/prebuilt/linux-x86_64/bin
clang: warning: argument unused during compilation: '-fomit-frame-pointer' [-Wunused-command-line-argument]
clang: warning: argument unused during compilation: '-march=armv8-a' [-Wunused-command-line-argument]
clang: warning: argument unused during compilation: '-fPIC' [-Wunused-command-line-argument]
configure:4877: $? = 0
configure:4866: /home/gia82/.buildozer/android/platform/android-ndk-r28c/toolchains/llvm/prebuilt/linux-x86_64/bin/clang -target aarch64-linux-android24 -fomit-frame-pointer -march=armv8-a -fPIC -V >&5
clang: error: argument to '-V' is missing (expected 1 value)
clang: error: no input files
configure:4877: $? = 1
configure:4866: /home/gia82/.buildozer/android/platform/android-ndk-r28c/toolchains/llvm/prebuilt/linux-x86_64/bin/clang -target aarch64-linux-android24 -fomit-frame-pointer -march=armv8-a -fPIC -qversion >&5
clang: error: unknown argument '-qversion'; did you mean '--version'?
clang: error: no input files
configure:4877: $? = 1
configure:4866: /home/gia82/.buildozer/android/platform/android-ndk-r28c/toolchains/llvm/prebuilt/linux-x86_64/bin/clang -target aarch64-linux-android24 -fomit-frame-pointer -march=armv8-a -fPIC -version >&5
clang: error: unknown argument '-version'; did you mean '--version'?
clang: error: no input files
configure:4877: $? = 1
configure:4897: checking whether the C compiler works
configure:4919: /home/gia82/.buildozer/android/platform/android-ndk-r28c/toolchains/llvm/prebuilt/linux-x86_64/bin/clang -target aarch64-linux-android24 -fomit-frame-pointer -march=armv8-a -fPIC -target aarch64-linux-android24 -fomit-frame-pointer -march=armv8-a -fPIC -DANDROID -I/home/gia82/.buildozer/android/platform/android-ndk-r28c/toolchains/llvm/prebuilt/linux-x86_64/sysroot/usr/include -I/home/gia82/adware_killer/.buildozer/android/platform/build-arm64-v8a_armeabi-v7a/build/other_builds/python3/arm64-v8a__ndk_target_24/python3/android-build/android-root/include/python3.14   -L/home/gia82/adware_killer/.buildozer/android/platform/build-arm64-v8a_armeabi-v7a/build/libs_collections/adwarekiller/arm64-v8a conftest.c  >&5
configure:4923: $? = 0
configure:4974: result: yes
configure:4978: checking for C compiler default output file name
configure:4980: result: a.out
configure:4986: checking for suffix of executables
configure:4993: /home/gia82/.buildozer/android/platform/android-ndk-r28c/toolchains/llvm/prebuilt/linux-x86_64/bin/clang -target aarch64-linux-android24 -fomit-frame-pointer -march=armv8-a -fPIC -o conftest -target aarch64-linux-android24 -fomit-frame-pointer -march=armv8-a -fPIC -DANDROID -I/home/gia82/.buildozer/android/platform/android-ndk-r28c/toolchains/llvm/prebuilt/linux-x86_64/sysroot/usr/include -I/home/gia82/adware_killer/.buildozer/android/platform/build-arm64-v8a_armeabi-v7a/build/other_builds/python3/arm64-v8a__ndk_target_24/python3/android-build/android-root/include/python3.14   -L/home/gia82/adware_killer/.buildozer/android/platform/build-arm64-v8a_armeabi-v7a/build/libs_collections/adwarekiller/arm64-v8a conftest.c  >&5
configure:4997: $? = 0
configure:5021: result: 
configure:5045: checking whether we are cross compiling
configure:5053: /home/gia82/.buildozer/android/platform/android-ndk-r28c/toolchains/llvm/prebuilt/linux-x86_64/bin/clang -target aarch64-linux-android24 -fomit-frame-pointer -march=armv8-a -fPIC -o conftest -target aarch64-linux-android24 -fomit-frame-pointer -march=armv8-a -fPIC -DANDROID -I/home/gia82/.buildozer/android/platform/android-ndk-r28c/toolchains/llvm/prebuilt/linux-x86_64/sysroot/usr/include -I/home/gia82/adware_killer/.buildozer/android/platform/build-arm64-v8a_armeabi-v7a/build/other_builds/python3/arm64-v8a__ndk_target_24/python3/android-build/android-root/include/python3.14   -L/home/gia82/adware_killer/.buildozer/android/platform/build-arm64-v8a_armeabi-v7a/build/libs_collections/adwarekiller/arm64-v8a conftest.c  >&5
configure:5057: $? = 0
configure:5064: ./conftest
/home/gia82/adware_killer/.buildozer/android/platform/build-arm64-v8a_armeabi-v7a/build/other_builds/libffi/arm64-v8a__ndk_target_24/libffi/configure: line 5066: ./conftest: cannot execute binary file: Exec format error
configure:5068: $? = 126
configure:5083: result: yes
configure:5089: checking for suffix of object files
configure:5112: /home/gia82/.buildozer/android/platform/android-ndk-r28c/toolchains/llvm/prebuilt/linux-x86_64/bin/clang -target aarch64-linux-android24 -fomit-frame-pointer -march=armv8-a -fPIC -c -target aarch64-linux-android24 -fomit-frame-pointer -march=armv8-a -fPIC -DANDROID -I/home/gia82/.buildozer/android/platform/android-ndk-r28c/toolchains/llvm/prebuilt/linux-x86_64/sysroot/usr/include -I/home/gia82/adware_killer/.buildozer/android/platform/build-arm64-v8a_armeabi-v7a/build/other_builds/python3/arm64-v8a__ndk_target_24/python3/android-build/android-root/include/python3.14 conftest.c >&5
configure:5116: $? = 0
configure:5140: result: o
configure:5144: checking whether the compiler supports GNU C
configure:5164: /home/gia82/.buildozer/android/platform/android-ndk-r28c/toolchains/llvm/prebuilt/linux-x86_64/bin/clang -target aarch64-linux-android24 -fomit-frame-pointer -march=armv8-a -fPIC -c -target aarch64-linux-android24 -fomit-frame-pointer -march=armv8-a -fPIC -DANDROID -I/home/gia82/.buildozer/android/platform/android-ndk-r28c/toolchains/llvm/prebuilt/linux-x86_64/sysroot/usr/include -I/home/gia82/adware_killer/.buildozer/android/platform/build-arm64-v8a_armeabi-v7a/build/other_builds/python3/arm64-v8a__ndk_target_24/python3/android-build/android-root/include/python3.14 conftest.c >&5
configure:5164: $? = 0
configure:5176: result: yes
configure:5187: checking whether /home/gia82/.buildozer/android/platform/android-ndk-r28c/toolchains/llvm/prebuilt/linux-x86_64/bin/clang -target aarch64-linux-android24 -fomit-frame-pointer -march=armv8-a -fPIC accepts -g
configure:5208: /home/gia82/.buildozer/android/platform/android-ndk-r28c/toolchains/llvm/prebuilt/linux-x86_64/bin/clang -target aarch64-linux-android24 -fomit-frame-pointer -march=armv8-a -fPIC -c -g -DANDROID -I/home/gia82/.buildozer/android/platform/android-ndk-r28c/toolchains/llvm/prebuilt/linux-x86_64/sysroot/usr/include -I/home/gia82/adware_killer/.buildozer/android/platform/build-arm64-v8a_armeabi-v7a/build/other_builds/python3/arm64-v8a__ndk_target_24/python3/android-build/android-root/include/python3.14 conftest.c >&5
configure:5208: $? = 0
configure:5255: result: yes
configure:5275: checking for /home/gia82/.buildozer/android/platform/android-ndk-r28c/toolchains/llvm/prebuilt/linux-x86_64/bin/clang -target aarch64-linux-android24 -fomit-frame-pointer -march=armv8-a -fPIC option to enable C11 features
configure:5290: /home/gia82/.buildozer/android/platform/android-ndk-r28c/toolchains/llvm/prebuilt/linux-x86_64/bin/clang -target aarch64-linux-android24 -fomit-frame-pointer -march=armv8-a -fPIC  -c -target aarch64-linux-android24 -fomit-frame-pointer -march=armv8-a -fPIC -DANDROID -I/home/gia82/.buildozer/android/platform/android-ndk-r28c/toolchains/llvm/prebuilt/linux-x86_64/sysroot/usr/include -I/home/gia82/adware_killer/.buildozer/android/platform/build-arm64-v8a_armeabi-v7a/build/other_builds/python3/arm64-v8a__ndk_target_24/python3/android-build/android-root/include/python3.14 conftest.c >&5
configure:5290: $? = 0
configure:5309: result: none needed
configure:5433: checking whether /home/gia82/.buildozer/android/platform/android-ndk-r28c/toolchains/llvm/prebuilt/linux-x86_64/bin/clang -target aarch64-linux-android24 -fomit-frame-pointer -march=armv8-a -fPIC understands -c and -o together
configure:5456: /home/gia82/.buildozer/android/platform/android-ndk-r28c/toolchains/llvm/prebuilt/linux-x86_64/bin/clang -target aarch64-linux-android24 -fomit-frame-pointer -march=armv8-a -fPIC -c conftest.c -o conftest2.o
configure:5459: $? = 0
configure:5456: /home/gia82/.buildozer/android/platform/android-ndk-r28c/toolchains/llvm/prebuilt/linux-x86_64/bin/clang -target aarch64-linux-android24 -fomit-frame-pointer -march=armv8-a -fPIC -c conftest.c -o conftest2.o
configure:5459: $? = 0
configure:5475: result: yes
configure:5495: checking whether make -j4 supports the include directive
configure:5510: make -j4 -f confmf.GNU && cat confinc.out
this is the am__doit target
configure:5513: $? = 0
configure:5532: result: yes (GNU style)
configure:5558: checking dependency style of /home/gia82/.buildozer/android/platform/android-ndk-r28c/toolchains/llvm/prebuilt/linux-x86_64/bin/clang -target aarch64-linux-android24 -fomit-frame-pointer -march=armv8-a -fPIC
configure:5671: result: gcc3
configure:5816: checking for C++ compiler version
configure:5825: /home/gia82/.buildozer/android/platform/android-ndk-r28c/toolchains/llvm/prebuilt/linux-x86_64/bin/clang++ -target aarch64-linux-android24 -fomit-frame-pointer -march=armv8-a -fPIC --version >&5
Android (13624864, +pgo, +bolt, +lto, +mlgo, based on r530567e) clang version 19.0.1 (https://android.googlesource.com/toolchain/llvm-project 97a699bf4812a18fb657c2779f5296a4ab2694d2)
Target: aarch64-unknown-linux-android24
Thread model: posix
InstalledDir: /home/gia82/.buildozer/android/platform/android-ndk-r28c/toolchains/llvm/prebuilt/linux-x86_64/bin
configure:5836: $? = 0
configure:5825: /home/gia82/.buildozer/android/platform/android-ndk-r28c/toolchains/llvm/prebuilt/linux-x86_64/bin/clang++ -target aarch64-linux-android24 -fomit-frame-pointer -march=armv8-a -fPIC -v >&5
Android (13624864, +pgo, +bolt, +lto, +mlgo, based on r530567e) clang version 19.0.1 (https://android.googlesource.com/toolchain/llvm-project 97a699bf4812a18fb657c2779f5296a4ab2694d2)
Target: aarch64-unknown-linux-android24
Thread model: posix
InstalledDir: /home/gia82/.buildozer/android/platform/android-ndk-r28c/toolchains/llvm/prebuilt/linux-x86_64/bin
clang++: warning: argument unused during compilation: '-fomit-frame-pointer' [-Wunused-command-line-argument]
clang++: warning: argument unused during compilation: '-march=armv8-a' [-Wunused-command-line-argument]
clang++: warning: argument unused during compilation: '-fPIC' [-Wunused-command-line-argument]
configure:5836: $? = 0
configure:5825: /home/gia82/.buildozer/android/platform/android-ndk-r28c/toolchains/llvm/prebuilt/linux-x86_64/bin/clang++ -target aarch64-linux-android24 -fomit-frame-pointer -march=armv8-a -fPIC -V >&5
clang++: error: argument to '-V' is missing (expected 1 value)
clang++: error: no input files
configure:5836: $? = 1
configure:5825: /home/gia82/.buildozer/android/platform/android-ndk-r28c/toolchains/llvm/prebuilt/linux-x86_64/bin/clang++ -target aarch64-linux-android24 -fomit-frame-pointer -march=armv8-a -fPIC -qversion >&5
clang++: error: unknown argument '-qversion'; did you mean '--version'?
clang++: error: no input files
configure:5836: $? = 1
configure:5840: checking whether the compiler supports GNU C++
configure:5860: /home/gia82/.buildozer/android/platform/android-ndk-r28c/toolchains/llvm/prebuilt/linux-x86_64/bin/clang++ -target aarch64-linux-android24 -fomit-frame-pointer -march=armv8-a -fPIC -c -target aarch64-linux-android24 -fomit-frame-pointer -march=armv8-a -fPIC -DANDROID -I/home/gia82/.buildozer/android/platform/android-ndk-r28c/toolchains/llvm/prebuilt/linux-x86_64/sysroot/usr/include -I/home/gia82/adware_killer/.buildozer/android/platform/build-arm64-v8a_armeabi-v7a/build/other_builds/python3/arm64-v8a__ndk_target_24/python3/android-build/android-root/include/python3.14 conftest.cpp >&5
configure:5860: $? = 0
configure:5872: result: yes
configure:5883: checking whether /home/gia82/.buildozer/android/platform/android-ndk-r28c/toolchains/llvm/prebuilt/linux-x86_64/bin/clang++ -target aarch64-linux-android24 -fomit-frame-pointer -march=armv8-a -fPIC accepts -g
configure:5904: /home/gia82/.buildozer/android/platform/android-ndk-r28c/toolchains/llvm/prebuilt/linux-x86_64/bin/clang++ -target aarch64-linux-android24 -fomit-frame-pointer -march=armv8-a -fPIC -c -g -DANDROID -I/home/gia82/.buildozer/android/platform/android-ndk-r28c/toolchains/llvm/prebuilt/linux-x86_64/sysroot/usr/include -I/home/gia82/adware_killer/.buildozer/android/platform/build-arm64-v8a_armeabi-v7a/build/other_builds/python3/arm64-v8a__ndk_target_24/python3/android-build/android-root/include/python3.14 conftest.cpp >&5
configure:5904: $? = 0
configure:5951: result: yes
configure:5971: checking for /home/gia82/.buildozer/android/platform/android-ndk-r28c/toolchains/llvm/prebuilt/linux-x86_64/bin/clang++ -target aarch64-linux-android24 -fomit-frame-pointer -march=armv8-a -fPIC option to enable C++11 features
configure:5986: /home/gia82/.buildozer/android/platform/android-ndk-r28c/toolchains/llvm/prebuilt/linux-x86_64/bin/clang++ -target aarch64-linux-android24 -fomit-frame-pointer -march=armv8-a -fPIC  -c -target aarch64-linux-android24 -fomit-frame-pointer -march=armv8-a -fPIC -DANDROID -I/home/gia82/.buildozer/android/platform/android-ndk-r28c/toolchains/llvm/prebuilt/linux-x86_64/sysroot/usr/include -I/home/gia82/adware_killer/.buildozer/android/platform/build-arm64-v8a_armeabi-v7a/build/other_builds/python3/arm64-v8a__ndk_target_24/python3/android-build/android-root/include/python3.14 conftest.cpp >&5
conftest.cpp:177:25: warning: empty parentheses interpreted as a function declaration [-Wvexing-parse]
  177 |   cxx11test::delegate d2();
      |                         ^~
conftest.cpp:177:25: note: remove parentheses to declare a variable
  177 |   cxx11test::delegate d2();
      |                         ^~
1 warning generated.
configure:5986: $? = 0
configure:6005: result: none needed
configure:6076: checking dependency style of /home/gia82/.buildozer/android/platform/android-ndk-r28c/toolchains/llvm/prebuilt/linux-x86_64/bin/clang++ -target aarch64-linux-android24 -fomit-frame-pointer -march=armv8-a -fPIC
configure:6189: result: gcc3
configure:6219: checking dependency style of /home/gia82/.buildozer/android/platform/android-ndk-r28c/toolchains/llvm/prebuilt/linux-x86_64/bin/clang -target aarch64-linux-android24 -fomit-frame-pointer -march=armv8-a -fPIC
configure:6330: result: gcc3
configure:6393: checking how to print strings
configure:6420: result: printf
configure:6441: checking for a sed that does not truncate output
configure:6513: result: /usr/bin/sed
configure:6531: checking for grep that handles long lines and -e
configure:6597: result: /usr/bin/grep
configure:6602: checking for egrep
configure:6672: result: /usr/bin/grep -E
configure:6679: checking for fgrep
configure:6749: result: /usr/bin/grep -F
configure:6786: checking for ld used by /home/gia82/.buildozer/android/platform/android-ndk-r28c/toolchains/llvm/prebuilt/linux-x86_64/bin/clang -target aarch64-linux-android24 -fomit-frame-pointer -march=armv8-a -fPIC
configure:6855: result: /home/gia82/.buildozer/android/platform/android-ndk-r28c/toolchains/llvm/prebuilt/linux-x86_64/bin/ld
configure:6862: checking if the linker (/home/gia82/.buildozer/android/platform/android-ndk-r28c/toolchains/llvm/prebuilt/linux-x86_64/bin/ld) is GNU ld
configure:6879: result: yes
configure:6891: checking for BSD- or MS-compatible name lister (nm)
configure:6947: result: no
configure:6961: checking for aarch64-linux-android-dumpbin
configure:6997: result: no
configure:6961: checking for aarch64-linux-android-link
configure:6997: result: no
configure:7011: checking for dumpbin
configure:7047: result: no
configure:7011: checking for link
configure:7032: found /usr/bin/link
configure:7044: result: link -dump
configure:7060: WARNING: using cross tools not prefixed with host triplet
configure:7089: checking the name lister (nm) interface
configure:7097: /home/gia82/.buildozer/android/platform/android-ndk-r28c/toolchains/llvm/prebuilt/linux-x86_64/bin/clang -target aarch64-linux-android24 -fomit-frame-pointer -march=armv8-a -fPIC -c -target aarch64-linux-android24 -fomit-frame-pointer -march=armv8-a -fPIC -DANDROID -I/home/gia82/.buildozer/android/platform/android-ndk-r28c/toolchains/llvm/prebuilt/linux-x86_64/sysroot/usr/include -I/home/gia82/adware_killer/.buildozer/android/platform/build-arm64-v8a_armeabi-v7a/build/other_builds/python3/arm64-v8a__ndk_target_24/python3/android-build/android-root/include/python3.14 conftest.c >&5
configure:7100: nm "conftest.o"
configure:7103: output
0000000000000000 b $d.0
0000000000000000 n $d.1
0000000000000000 B some_variable
configure:7111: result: BSD nm
configure:7114: checking whether ln -s works
configure:7118: result: yes
configure:7126: checking the maximum length of command line arguments
configure:7259: result: 1572864
configure:7307: checking how to convert x86_64-pc-linux-android file names to aarch64-unknown-linux-android format
configure:7349: result: func_convert_file_noop
configure:7356: checking how to convert x86_64-pc-linux-android file names to toolchain format
configure:7378: result: func_convert_file_noop
configure:7385: checking for /home/gia82/.buildozer/android/platform/android-ndk-r28c/toolchains/llvm/prebuilt/linux-x86_64/bin/ld option to reload object files
configure:7394: result: -r
configure:7427: checking for file
configure:7448: found /usr/bin/file
configure:7461: result: file
configure:7478: checking for aarch64-linux-android-objdump
configure:7514: result: no
configure:7524: checking for objdump
configure:7545: found /usr/bin/objdump
configure:7557: result: objdump
configure:7589: checking how to recognize dependent libraries
configure:7798: result: pass_all
configure:7843: checking for aarch64-linux-android-dlltool
configure:7879: result: no
configure:7889: checking for dlltool
configure:7925: result: no
configure:7955: checking how to associate runtime and link libraries
configure:7984: result: printf %s\n
configure:7999: checking for aarch64-linux-android-ranlib
configure:8032: result: /home/gia82/.buildozer/android/platform/android-ndk-r28c/toolchains/llvm/prebuilt/linux-x86_64/bin/llvm-ranlib
configure:8105: checking for aarch64-linux-android-ar
configure:8138: result: /home/gia82/.buildozer/android/platform/android-ndk-r28c/toolchains/llvm/prebuilt/linux-x86_64/bin/llvm-ar
configure:8241: checking for archiver @FILE support
configure:8259: /home/gia82/.buildozer/android/platform/android-ndk-r28c/toolchains/llvm/prebuilt/linux-x86_64/bin/clang -target aarch64-linux-android24 -fomit-frame-pointer -march=armv8-a -fPIC -c -target aarch64-linux-android24 -fomit-frame-pointer -march=armv8-a -fPIC -DANDROID -I/home/gia82/.buildozer/android/platform/android-ndk-r28c/toolchains/llvm/prebuilt/linux-x86_64/sysroot/usr/include -I/home/gia82/adware_killer/.buildozer/android/platform/build-arm64-v8a_armeabi-v7a/build/other_builds/python3/arm64-v8a__ndk_target_24/python3/android-build/android-root/include/python3.14 conftest.c >&5
configure:8259: $? = 0
configure:8263: /home/gia82/.buildozer/android/platform/android-ndk-r28c/toolchains/llvm/prebuilt/linux-x86_64/bin/llvm-ar cr libconftest.a @conftest.lst >&5
configure:8266: $? = 0
configure:8271: /home/gia82/.buildozer/android/platform/android-ndk-r28c/toolchains/llvm/prebuilt/linux-x86_64/bin/llvm-ar cr libconftest.a @conftest.lst >&5
/home/gia82/.buildozer/android/platform/android-ndk-r28c/toolchains/llvm/prebuilt/linux-x86_64/bin/llvm-ar: error: conftest.o: No such file or directory
configure:8274: $? = 1
configure:8287: result: @
configure:8305: checking for aarch64-linux-android-strip
configure:8338: result: /home/gia82/.buildozer/android/platform/android-ndk-r28c/toolchains/llvm/prebuilt/linux-x86_64/bin/llvm-strip --strip-unneeded
configure:8487: checking command to parse nm output from /home/gia82/.buildozer/android/platform/android-ndk-r28c/toolchains/llvm/prebuilt/linux-x86_64/bin/clang -target aarch64-linux-android24 -fomit-frame-pointer -march=armv8-a -fPIC object
configure:8641: /home/gia82/.buildozer/android/platform/android-ndk-r28c/toolchains/llvm/prebuilt/linux-x86_64/bin/clang -target aarch64-linux-android24 -fomit-frame-pointer -march=armv8-a -fPIC -c -target aarch64-linux-android24 -fomit-frame-pointer -march=armv8-a -fPIC -DANDROID -I/home/gia82/.buildozer/android/platform/android-ndk-r28c/toolchains/llvm/prebuilt/linux-x86_64/sysroot/usr/include -I/home/gia82/adware_killer/.buildozer/android/platform/build-arm64-v8a_armeabi-v7a/build/other_builds/python3/arm64-v8a__ndk_target_24/python3/android-build/android-root/include/python3.14 conftest.c >&5
configure:8644: $? = 0
configure:8648: nm conftest.o | /usr/bin/sed -n -e 's/^.*[	 ]\([ABCDGIRSTW][ABCDGIRSTW]*\)[	 ][	 ]*\([_A-Za-z][_A-Za-z0-9]*\)$/\1 \2 \2/p' | /usr/bin/sed '/ __gnu_lto/d' > conftest.nm
configure:8714: /home/gia82/.buildozer/android/platform/android-ndk-r28c/toolchains/llvm/prebuilt/linux-x86_64/bin/clang -target aarch64-linux-android24 -fomit-frame-pointer -march=armv8-a -fPIC -o conftest -target aarch64-linux-android24 -fomit-frame-pointer -march=armv8-a -fPIC -DANDROID -I/home/gia82/.buildozer/android/platform/android-ndk-r28c/toolchains/llvm/prebuilt/linux-x86_64/sysroot/usr/include -I/home/gia82/adware_killer/.buildozer/android/platform/build-arm64-v8a_armeabi-v7a/build/other_builds/python3/arm64-v8a__ndk_target_24/python3/android-build/android-root/include/python3.14   -L/home/gia82/adware_killer/.buildozer/android/platform/build-arm64-v8a_armeabi-v7a/build/libs_collections/adwarekiller/arm64-v8a conftest.c conftstm.o >&5
configure:8717: $? = 0
configure:8756: result: ok
configure:8803: checking for sysroot
configure:8837: result: no
configure:8844: checking for a working dd
configure:8889: result: /usr/bin/dd
configure:8893: checking how to truncate binary pipes
configure:8910: result: /usr/bin/dd bs=4096 count=1
configure:9204: checking for aarch64-linux-android-mt
configure:9240: result: no
configure:9250: checking for mt
configure:9286: result: no
configure:9306: checking if : is a manifest tool
configure:9313: : '-?'
configure:9322: result: no
configure:10119: checking for stdio.h
configure:10119: /home/gia82/.buildozer/android/platform/android-ndk-r28c/toolchains/llvm/prebuilt/linux-x86_64/bin/clang -target aarch64-linux-android24 -fomit-frame-pointer -march=armv8-a -fPIC -c -target aarch64-linux-android24 -fomit-frame-pointer -march=armv8-a -fPIC -DANDROID -I/home/gia82/.buildozer/android/platform/android-ndk-r28c/toolchains/llvm/prebuilt/linux-x86_64/sysroot/usr/include -I/home/gia82/adware_killer/.buildozer/android/platform/build-arm64-v8a_armeabi-v7a/build/other_builds/python3/arm64-v8a__ndk_target_24/python3/android-build/android-root/include/python3.14 conftest.c >&5
configure:10119: $? = 0
configure:10119: result: yes
configure:10119: checking for stdlib.h
configure:10119: /home/gia82/.buildozer/android/platform/android-ndk-r28c/toolchains/llvm/prebuilt/linux-x86_64/bin/clang -target aarch64-linux-android24 -fomit-frame-pointer -march=armv8-a -fPIC -c -target aarch64-linux-android24 -fomit-frame-pointer -march=armv8-a -fPIC -DANDROID -I/home/gia82/.buildozer/android/platform/android-ndk-r28c/toolchains/llvm/prebuilt/linux-x86_64/sysroot/usr/include -I/home/gia82/adware_killer/.buildozer/android/platform/build-arm64-v8a_armeabi-v7a/build/other_builds/python3/arm64-v8a__ndk_target_24/python3/android-build/android-root/include/python3.14 conftest.c >&5
configure:10119: $? = 0
configure:10119: result: yes
configure:10119: checking for string.h
configure:10119: /home/gia82/.buildozer/android/platform/android-ndk-r28c/toolchains/llvm/prebuilt/linux-x86_64/bin/clang -target aarch64-linux-android24 -fomit-frame-pointer -march=armv8-a -fPIC -c -target aarch64-linux-android24 -fomit-frame-pointer -march=armv8-a -fPIC -DANDROID -I/home/gia82/.buildozer/android/platform/android-ndk-r28c/toolchains/llvm/prebuilt/linux-x86_64/sysroot/usr/include -I/home/gia82/adware_killer/.buildozer/android/platform/build-arm64-v8a_armeabi-v7a/build/other_builds/python3/arm64-v8a__ndk_target_24/python3/android-build/android-root/include/python3.14 conftest.c >&5
configure:10119: $? = 0
configure:10119: result: yes
configure:10119: checking for inttypes.h
configure:10119: /home/gia82/.buildozer/android/platform/android-ndk-r28c/toolchains/llvm/prebuilt/linux-x86_64/bin/clang -target aarch64-linux-android24 -fomit-frame-pointer -march=armv8-a -fPIC -c -target aarch64-linux-android24 -fomit-frame-pointer -march=armv8-a -fPIC -DANDROID -I/home/gia82/.buildozer/android/platform/android-ndk-r28c/toolchains/llvm/prebuilt/linux-x86_64/sysroot/usr/include -I/home/gia82/adware_killer/.buildozer/android/platform/build-arm64-v8a_armeabi-v7a/build/other_builds/python3/arm64-v8a__ndk_target_24/python3/android-build/android-root/include/python3.14 conftest.c >&5
configure:10119: $? = 0
configure:10119: result: yes
configure:10119: checking for stdint.h
configure:10119: /home/gia82/.buildozer/android/platform/android-ndk-r28c/toolchains/llvm/prebuilt/linux-x86_64/bin/clang -target aarch64-linux-android24 -fomit-frame-pointer -march=armv8-a -fPIC -c -target aarch64-linux-android24 -fomit-frame-pointer -march=armv8-a -fPIC -DANDROID -I/home/gia82/.buildozer/android/platform/android-ndk-r28c/toolchains/llvm/prebuilt/linux-x86_64/sysroot/usr/include -I/home/gia82/adware_killer/.buildozer/android/platform/build-arm64-v8a_armeabi-v7a/build/other_builds/python3/arm64-v8a__ndk_target_24/python3/android-build/android-root/include/python3.14 conftest.c >&5
configure:10119: $? = 0
configure:10119: result: yes
configure:10119: checking for strings.h
configure:10119: /home/gia82/.buildozer/android/platform/android-ndk-r28c/toolchains/llvm/prebuilt/linux-x86_64/bin/clang -target aarch64-linux-android24 -fomit-frame-pointer -march=armv8-a -fPIC -c -target aarch64-linux-android24 -fomit-frame-pointer -march=armv8-a -fPIC -DANDROID -I/home/gia82/.buildozer/android/platform/android-ndk-r28c/toolchains/llvm/prebuilt/linux-x86_64/sysroot/usr/include -I/home/gia82/adware_killer/.buildozer/android/platform/build-arm64-v8a_armeabi-v7a/build/other_builds/python3/arm64-v8a__ndk_target_24/python3/android-build/android-root/include/python3.14 conftest.c >&5
configure:10119: $? = 0
configure:10119: result: yes
configure:10119: checking for sys/stat.h
configure:10119: /home/gia82/.buildozer/android/platform/android-ndk-r28c/toolchains/llvm/prebuilt/linux-x86_64/bin/clang -target aarch64-linux-android24 -fomit-frame-pointer -march=armv8-a -fPIC -c -target aarch64-linux-android24 -fomit-frame-pointer -march=armv8-a -fPIC -DANDROID -I/home/gia82/.buildozer/android/platform/android-ndk-r28c/toolchains/llvm/prebuilt/linux-x86_64/sysroot/usr/include -I/home/gia82/adware_killer/.buildozer/android/platform/build-arm64-v8a_armeabi-v7a/build/other_builds/python3/arm64-v8a__ndk_target_24/python3/android-build/android-root/include/python3.14 conftest.c >&5
configure:10119: $? = 0
configure:10119: result: yes
configure:10119: checking for sys/types.h
configure:10119: /home/gia82/.buildozer/android/platform/android-ndk-r28c/toolchains/llvm/prebuilt/linux-x86_64/bin/clang -target aarch64-linux-android24 -fomit-frame-pointer -march=armv8-a -fPIC -c -target aarch64-linux-android24 -fomit-frame-pointer -march=armv8-a -fPIC -DANDROID -I/home/gia82/.buildozer/android/platform/android-ndk-r28c/toolchains/llvm/prebuilt/linux-x86_64/sysroot/usr/include -I/home/gia82/adware_killer/.buildozer/android/platform/build-arm64-v8a_armeabi-v7a/build/other_builds/python3/arm64-v8a__ndk_target_24/python3/android-build/android-root/include/python3.14 conftest.c >&5
configure:10119: $? = 0
configure:10119: result: yes
configure:10119: checking for unistd.h
configure:10119: /home/gia82/.buildozer/android/platform/android-ndk-r28c/toolchains/llvm/prebuilt/linux-x86_64/bin/clang -target aarch64-linux-android24 -fomit-frame-pointer -march=armv8-a -fPIC -c -target aarch64-linux-android24 -fomit-frame-pointer -march=armv8-a -fPIC -DANDROID -I/home/gia82/.buildozer/android/platform/android-ndk-r28c/toolchains/llvm/prebuilt/linux-x86_64/sysroot/usr/include -I/home/gia82/adware_killer/.buildozer/android/platform/build-arm64-v8a_armeabi-v7a/build/other_builds/python3/arm64-v8a__ndk_target_24/python3/android-build/android-root/include/python3.14 conftest.c >&5
configure:10119: $? = 0
configure:10119: result: yes
configure:10144: checking for dlfcn.h
configure:10144: /home/gia82/.buildozer/android/platform/android-ndk-r28c/toolchains/llvm/prebuilt/linux-x86_64/bin/clang -target aarch64-linux-android24 -fomit-frame-pointer -march=armv8-a -fPIC -c -target aarch64-linux-android24 -fomit-frame-pointer -march=armv8-a -fPIC -DANDROID -I/home/gia82/.buildozer/android/platform/android-ndk-r28c/toolchains/llvm/prebuilt/linux-x86_64/sysroot/usr/include -I/home/gia82/adware_killer/.buildozer/android/platform/build-arm64-v8a_armeabi-v7a/build/other_builds/python3/arm64-v8a__ndk_target_24/python3/android-build/android-root/include/python3.14 conftest.c >&5
configure:10144: $? = 0
configure:10144: result: yes
configure:10458: checking for objdir
configure:10475: result: .libs
configure:10741: checking if /home/gia82/.buildozer/android/platform/android-ndk-r28c/toolchains/llvm/prebuilt/linux-x86_64/bin/clang -target aarch64-linux-android24 -fomit-frame-pointer -march=armv8-a -fPIC supports -fno-rtti -fno-exceptions
configure:10760: /home/gia82/.buildozer/android/platform/android-ndk-r28c/toolchains/llvm/prebuilt/linux-x86_64/bin/clang -target aarch64-linux-android24 -fomit-frame-pointer -march=armv8-a -fPIC -c -target aarch64-linux-android24 -fomit-frame-pointer -march=armv8-a -fPIC -DANDROID -I/home/gia82/.buildozer/android/platform/android-ndk-r28c/toolchains/llvm/prebuilt/linux-x86_64/sysroot/usr/include -I/home/gia82/adware_killer/.buildozer/android/platform/build-arm64-v8a_armeabi-v7a/build/other_builds/python3/arm64-v8a__ndk_target_24/python3/android-build/android-root/include/python3.14 -fno-rtti -fno-exceptions conftest.c >&5
configure:10764: $? = 0
configure:10778: result: yes
configure:11157: checking for /home/gia82/.buildozer/android/platform/android-ndk-r28c/toolchains/llvm/prebuilt/linux-x86_64/bin/clang -target aarch64-linux-android24 -fomit-frame-pointer -march=armv8-a -fPIC option to produce PIC
configure:11166: result: -fPIC -DPIC
configure:11174: checking if /home/gia82/.buildozer/android/platform/android-ndk-r28c/toolchains/llvm/prebuilt/linux-x86_64/bin/clang -target aarch64-linux-android24 -fomit-frame-pointer -march=armv8-a -fPIC PIC flag -fPIC -DPIC works
configure:11193: /home/gia82/.buildozer/android/platform/android-ndk-r28c/toolchains/llvm/prebuilt/linux-x86_64/bin/clang -target aarch64-linux-android24 -fomit-frame-pointer -march=armv8-a -fPIC -c -target aarch64-linux-android24 -fomit-frame-pointer -march=armv8-a -fPIC -DANDROID -I/home/gia82/.buildozer/android/platform/android-ndk-r28c/toolchains/llvm/prebuilt/linux-x86_64/sysroot/usr/include -I/home/gia82/adware_killer/.buildozer/android/platform/build-arm64-v8a_armeabi-v7a/build/other_builds/python3/arm64-v8a__ndk_target_24/python3/android-build/android-root/include/python3.14 -fPIC -DPIC -DPIC conftest.c >&5
configure:11197: $? = 0
configure:11211: result: yes
configure:11240: checking if /home/gia82/.buildozer/android/platform/android-ndk-r28c/toolchains/llvm/prebuilt/linux-x86_64/bin/clang -target aarch64-linux-android24 -fomit-frame-pointer -march=armv8-a -fPIC static flag -static works
configure:11270: result: yes
configure:11285: checking if /home/gia82/.buildozer/android/platform/android-ndk-r28c/toolchains/llvm/prebuilt/linux-x86_64/bin/clang -target aarch64-linux-android24 -fomit-frame-pointer -march=armv8-a -fPIC supports -c -o file.o
configure:11307: /home/gia82/.buildozer/android/platform/android-ndk-r28c/toolchains/llvm/prebuilt/linux-x86_64/bin/clang -target aarch64-linux-android24 -fomit-frame-pointer -march=armv8-a -fPIC -c -target aarch64-linux-android24 -fomit-frame-pointer -march=armv8-a -fPIC -DANDROID -I/home/gia82/.buildozer/android/platform/android-ndk-r28c/toolchains/llvm/prebuilt/linux-x86_64/sysroot/usr/include -I/home/gia82/adware_killer/.buildozer/android/platform/build-arm64-v8a_armeabi-v7a/build/other_builds/python3/arm64-v8a__ndk_target_24/python3/android-build/android-root/include/python3.14 -o out/conftest2.o conftest.c >&5
configure:11311: $? = 0
configure:11334: result: yes
configure:11342: checking if /home/gia82/.buildozer/android/platform/android-ndk-r28c/toolchains/llvm/prebuilt/linux-x86_64/bin/clang -target aarch64-linux-android24 -fomit-frame-pointer -march=armv8-a -fPIC supports -c -o file.o
configure:11391: result: yes
configure:11424: checking whether the /home/gia82/.buildozer/android/platform/android-ndk-r28c/toolchains/llvm/prebuilt/linux-x86_64/bin/clang -target aarch64-linux-android24 -fomit-frame-pointer -march=armv8-a -fPIC linker (/home/gia82/.buildozer/android/platform/android-ndk-r28c/toolchains/llvm/prebuilt/linux-x86_64/bin/ld) supports shared libraries
configure:12712: result: yes
configure:12749: checking whether -lc should be explicitly linked in
configure:12758: /home/gia82/.buildozer/android/platform/android-ndk-r28c/toolchains/llvm/prebuilt/linux-x86_64/bin/clang -target aarch64-linux-android24 -fomit-frame-pointer -march=armv8-a -fPIC -c -target aarch64-linux-android24 -fomit-frame-pointer -march=armv8-a -fPIC -DANDROID -I/home/gia82/.buildozer/android/platform/android-ndk-r28c/toolchains/llvm/prebuilt/linux-x86_64/sysroot/usr/include -I/home/gia82/adware_killer/.buildozer/android/platform/build-arm64-v8a_armeabi-v7a/build/other_builds/python3/arm64-v8a__ndk_target_24/python3/android-build/android-root/include/python3.14 conftest.c >&5
configure:12761: $? = 0
configure:12776: /home/gia82/.buildozer/android/platform/android-ndk-r28c/toolchains/llvm/prebuilt/linux-x86_64/bin/clang -target aarch64-linux-android24 -fomit-frame-pointer -march=armv8-a -fPIC -shared  -fPIC -DPIC conftest.o  -v -Wl,-soname -Wl,conftest -o conftest 2\>\&1 \| /usr/bin/grep  -lc  \>/dev/null 2\>\&1
configure:12779: $? = 0
configure:12794: result: no
configure:12954: checking dynamic linker characteristics
configure:14356: result: Android linker
configure:14478: checking how to hardcode library paths into programs
configure:14503: result: immediate
configure:15103: checking whether stripping libraries is possible
configure:15112: result: yes
configure:15154: checking if libtool supports shared libraries
configure:15156: result: yes
configure:15159: checking whether to build shared libraries
configure:15184: result: yes
configure:15187: checking whether to build static libraries
configure:15191: result: yes
configure:15214: checking how to run the C++ preprocessor
configure:15236: /home/gia82/.buildozer/android/platform/android-ndk-r28c/toolchains/llvm/prebuilt/linux-x86_64/bin/clang++ -target aarch64-linux-android24 -fomit-frame-pointer -march=armv8-a -fPIC -E -DANDROID -I/home/gia82/.buildozer/android/platform/android-ndk-r28c/toolchains/llvm/prebuilt/linux-x86_64/sysroot/usr/include -I/home/gia82/adware_killer/.buildozer/android/platform/build-arm64-v8a_armeabi-v7a/build/other_builds/python3/arm64-v8a__ndk_target_24/python3/android-build/android-root/include/python3.14 conftest.cpp
configure:15236: $? = 0
configure:15252: /home/gia82/.buildozer/android/platform/android-ndk-r28c/toolchains/llvm/prebuilt/linux-x86_64/bin/clang++ -target aarch64-linux-android24 -fomit-frame-pointer -march=armv8-a -fPIC -E -DANDROID -I/home/gia82/.buildozer/android/platform/android-ndk-r28c/toolchains/llvm/prebuilt/linux-x86_64/sysroot/usr/include -I/home/gia82/adware_killer/.buildozer/android/platform/build-arm64-v8a_armeabi-v7a/build/other_builds/python3/arm64-v8a__ndk_target_24/python3/android-build/android-root/include/python3.14 conftest.cpp
conftest.cpp:23:10: fatal error: 'ac_nonexistent.h' file not found
   23 | #include <ac_nonexistent.h>
      |          ^~~~~~~~~~~~~~~~~~
1 error generated.
configure:15252: $? = 1
configure: failed program was:
| /* confdefs.h */
| #define PACKAGE_NAME "libffi"
| #define PACKAGE_TARNAME "libffi"
| #define PACKAGE_VERSION "3.4.2"
| #define PACKAGE_STRING "libffi 3.4.2"
| #define PACKAGE_BUGREPORT "http://github.com/libffi/libffi/issues"
| #define PACKAGE_URL ""
| #define PACKAGE "libffi"
| #define VERSION "3.4.2"
| #define HAVE_STDIO_H 1
| #define HAVE_STDLIB_H 1
| #define HAVE_STRING_H 1
| #define HAVE_INTTYPES_H 1
| #define HAVE_STDINT_H 1
| #define HAVE_STRINGS_H 1
| #define HAVE_SYS_STAT_H 1
| #define HAVE_SYS_TYPES_H 1
| #define HAVE_UNISTD_H 1
| #define STDC_HEADERS 1
| #define HAVE_DLFCN_H 1
| #define LT_OBJDIR ".libs/"
| /* end confdefs.h.  */
| #include <ac_nonexistent.h>
configure:15281: result: /home/gia82/.buildozer/android/platform/android-ndk-r28c/toolchains/llvm/prebuilt/linux-x86_64/bin/clang++ -target aarch64-linux-android24 -fomit-frame-pointer -march=armv8-a -fPIC -E
configure:15295: /home/gia82/.buildozer/android/platform/android-ndk-r28c/toolchains/llvm/prebuilt/linux-x86_64/bin/clang++ -target aarch64-linux-android24 -fomit-frame-pointer -march=armv8-a -fPIC -E -DANDROID -I/home/gia82/.buildozer/android/platform/android-ndk-r28c/toolchains/llvm/prebuilt/linux-x86_64/sysroot/usr/include -I/home/gia82/adware_killer/.buildozer/android/platform/build-arm64-v8a_armeabi-v7a/build/other_builds/python3/arm64-v8a__ndk_target_24/python3/android-build/android-root/include/python3.14 conftest.cpp
configure:15295: $? = 0
configure:15311: /home/gia82/.buildozer/android/platform/android-ndk-r28c/toolchains/llvm/prebuilt/linux-x86_64/bin/clang++ -target aarch64-linux-android24 -fomit-frame-pointer -march=armv8-a -fPIC -E -DANDROID -I/home/gia82/.buildozer/android/platform/android-ndk-r28c/toolchains/llvm/prebuilt/linux-x86_64/sysroot/usr/include -I/home/gia82/adware_killer/.buildozer/android/platform/build-arm64-v8a_armeabi-v7a/build/other_builds/python3/arm64-v8a__ndk_target_24/python3/android-build/android-root/include/python3.14 conftest.cpp
conftest.cpp:23:10: fatal error: 'ac_nonexistent.h' file not found
   23 | #include <ac_nonexistent.h>
      |          ^~~~~~~~~~~~~~~~~~
1 error generated.
configure:15311: $? = 1
configure: failed program was:
| /* confdefs.h */
| #define PACKAGE_NAME "libffi"
| #define PACKAGE_TARNAME "libffi"
| #define PACKAGE_VERSION "3.4.2"
| #define PACKAGE_STRING "libffi 3.4.2"
| #define PACKAGE_BUGREPORT "http://github.com/libffi/libffi/issues"
| #define PACKAGE_URL ""
| #define PACKAGE "libffi"
| #define VERSION "3.4.2"
| #define HAVE_STDIO_H 1
| #define HAVE_STDLIB_H 1
| #define HAVE_STRING_H 1
| #define HAVE_INTTYPES_H 1
| #define HAVE_STDINT_H 1
| #define HAVE_STRINGS_H 1
| #define HAVE_SYS_STAT_H 1
| #define HAVE_SYS_TYPES_H 1
| #define HAVE_UNISTD_H 1
| #define STDC_HEADERS 1
| #define HAVE_DLFCN_H 1
| #define LT_OBJDIR ".libs/"
| /* end confdefs.h.  */
| #include <ac_nonexistent.h>
configure:15479: checking for ld used by /home/gia82/.buildozer/android/platform/android-ndk-r28c/toolchains/llvm/prebuilt/linux-x86_64/bin/clang++ -target aarch64-linux-android24 -fomit-frame-pointer -march=armv8-a -fPIC
configure:15548: result: /home/gia82/.buildozer/android/platform/android-ndk-r28c/toolchains/llvm/prebuilt/linux-x86_64/bin/ld
configure:15555: checking if the linker (/home/gia82/.buildozer/android/platform/android-ndk-r28c/toolchains/llvm/prebuilt/linux-x86_64/bin/ld) is GNU ld
configure:15572: result: yes
configure:15626: checking whether the /home/gia82/.buildozer/android/platform/android-ndk-r28c/toolchains/llvm/prebuilt/linux-x86_64/bin/clang++ -target aarch64-linux-android24 -fomit-frame-pointer -march=armv8-a -fPIC linker (/home/gia82/.buildozer/android/platform/android-ndk-r28c/toolchains/llvm/prebuilt/linux-x86_64/bin/ld) supports shared libraries
configure:16714: result: yes
configure:16750: /home/gia82/.buildozer/android/platform/android-ndk-r28c/toolchains/llvm/prebuilt/linux-x86_64/bin/clang++ -target aarch64-linux-android24 -fomit-frame-pointer -march=armv8-a -fPIC -c -target aarch64-linux-android24 -fomit-frame-pointer -march=armv8-a -fPIC -DANDROID -I/home/gia82/.buildozer/android/platform/android-ndk-r28c/toolchains/llvm/prebuilt/linux-x86_64/sysroot/usr/include -I/home/gia82/adware_killer/.buildozer/android/platform/build-arm64-v8a_armeabi-v7a/build/other_builds/python3/arm64-v8a__ndk_target_24/python3/android-build/android-root/include/python3.14 conftest.cpp >&5
configure:16753: $? = 0
configure:17239: checking for /home/gia82/.buildozer/android/platform/android-ndk-r28c/toolchains/llvm/prebuilt/linux-x86_64/bin/clang++ -target aarch64-linux-android24 -fomit-frame-pointer -march=armv8-a -fPIC option to produce PIC
configure:17248: result: -fPIC -DPIC
configure:17256: checking if /home/gia82/.buildozer/android/platform/android-ndk-r28c/toolchains/llvm/prebuilt/linux-x86_64/bin/clang++ -target aarch64-linux-android24 -fomit-frame-pointer -march=armv8-a -fPIC PIC flag -fPIC -DPIC works
configure:17275: /home/gia82/.buildozer/android/platform/android-ndk-r28c/toolchains/llvm/prebuilt/linux-x86_64/bin/clang++ -target aarch64-linux-android24 -fomit-frame-pointer -march=armv8-a -fPIC -c -target aarch64-linux-android24 -fomit-frame-pointer -march=armv8-a -fPIC -DANDROID -I/home/gia82/.buildozer/android/platform/android-ndk-r28c/toolchains/llvm/prebuilt/linux-x86_64/sysroot/usr/include -I/home/gia82/adware_killer/.buildozer/android/platform/build-arm64-v8a_armeabi-v7a/build/other_builds/python3/arm64-v8a__ndk_target_24/python3/android-build/android-root/include/python3.14 -fPIC -DPIC -DPIC conftest.cpp >&5
configure:17279: $? = 0
configure:17293: result: yes
configure:17316: checking if /home/gia82/.buildozer/android/platform/android-ndk-r28c/toolchains/llvm/prebuilt/linux-x86_64/bin/clang++ -target aarch64-linux-android24 -fomit-frame-pointer -march=armv8-a -fPIC static flag -static works
configure:17346: result: yes
configure:17358: checking if /home/gia82/.buildozer/android/platform/android-ndk-r28c/toolchains/llvm/prebuilt/linux-x86_64/bin/clang++ -target aarch64-linux-android24 -fomit-frame-pointer -march=armv8-a -fPIC supports -c -o file.o
configure:17380: /home/gia82/.buildozer/android/platform/android-ndk-r28c/toolchains/llvm/prebuilt/linux-x86_64/bin/clang++ -target aarch64-linux-android24 -fomit-frame-pointer -march=armv8-a -fPIC -c -target aarch64-linux-android24 -fomit-frame-pointer -march=armv8-a -fPIC -DANDROID -I/home/gia82/.buildozer/android/platform/android-ndk-r28c/toolchains/llvm/prebuilt/linux-x86_64/sysroot/usr/include -I/home/gia82/adware_killer/.buildozer/android/platform/build-arm64-v8a_armeabi-v7a/build/other_builds/python3/arm64-v8a__ndk_target_24/python3/android-build/android-root/include/python3.14 -o out/conftest2.o conftest.cpp >&5
configure:17384: $? = 0
configure:17407: result: yes
configure:17412: checking if /home/gia82/.buildozer/android/platform/android-ndk-r28c/toolchains/llvm/prebuilt/linux-x86_64/bin/clang++ -target aarch64-linux-android24 -fomit-frame-pointer -march=armv8-a -fPIC supports -c -o file.o
configure:17461: result: yes
configure:17491: checking whether the /home/gia82/.buildozer/android/platform/android-ndk-r28c/toolchains/llvm/prebuilt/linux-x86_64/bin/clang++ -target aarch64-linux-android24 -fomit-frame-pointer -march=armv8-a -fPIC linker (/home/gia82/.buildozer/android/platform/android-ndk-r28c/toolchains/llvm/prebuilt/linux-x86_64/bin/ld) supports shared libraries
configure:17534: result: yes
configure:17677: checking dynamic linker characteristics
configure:18983: result: Android linker
configure:19048: checking how to hardcode library paths into programs
configure:19073: result: immediate
configure:19139: checking for aarch64-linux-android-readelf
configure:19172: result: /home/gia82/.buildozer/android/platform/android-ndk-r28c/toolchains/llvm/prebuilt/linux-x86_64/bin/llvm-readelf
configure:19246: checking size of size_t
configure:19252: /home/gia82/.buildozer/android/platform/android-ndk-r28c/toolchains/llvm/prebuilt/linux-x86_64/bin/clang -target aarch64-linux-android24 -fomit-frame-pointer -march=armv8-a -fPIC -c -target aarch64-linux-android24 -fomit-frame-pointer -march=armv8-a -fPIC -DANDROID -I/home/gia82/.buildozer/android/platform/android-ndk-r28c/toolchains/llvm/prebuilt/linux-x86_64/sysroot/usr/include -I/home/gia82/adware_killer/.buildozer/android/platform/build-arm64-v8a_armeabi-v7a/build/other_builds/python3/arm64-v8a__ndk_target_24/python3/android-build/android-root/include/python3.14 conftest.c >&5
configure:19252: $? = 0
configure:19252: /home/gia82/.buildozer/android/platform/android-ndk-r28c/toolchains/llvm/prebuilt/linux-x86_64/bin/clang -target aarch64-linux-android24 -fomit-frame-pointer -march=armv8-a -fPIC -c -target aarch64-linux-android24 -fomit-frame-pointer -march=armv8-a -fPIC -DANDROID -I/home/gia82/.buildozer/android/platform/android-ndk-r28c/toolchains/llvm/prebuilt/linux-x86_64/sysroot/usr/include -I/home/gia82/adware_killer/.buildozer/android/platform/build-arm64-v8a_armeabi-v7a/build/other_builds/python3/arm64-v8a__ndk_target_24/python3/android-build/android-root/include/python3.14 conftest.c >&5
conftest.c:54:24: error: 'test_array' declared as an array with a negative size
   54 | static int test_array [1 - 2 * !(((long int) (sizeof (size_t))) <= 0)];
      |                        ^~~~~~~~~~~~~~~~~~~~~~~~~~~~~~~~~~~~~~~~~~~~~~
1 error generated.
configure:19252: $? = 1
configure: failed program was:
| /* confdefs.h */
| #define PACKAGE_NAME "libffi"
| #define PACKAGE_TARNAME "libffi"
| #define PACKAGE_VERSION "3.4.2"
| #define PACKAGE_STRING "libffi 3.4.2"
| #define PACKAGE_BUGREPORT "http://github.com/libffi/libffi/issues"
| #define PACKAGE_URL ""
| #define PACKAGE "libffi"
| #define VERSION "3.4.2"
| #define HAVE_STDIO_H 1
| #define HAVE_STDLIB_H 1
| #define HAVE_STRING_H 1
| #define HAVE_INTTYPES_H 1
| #define HAVE_STDINT_H 1
| #define HAVE_STRINGS_H 1
| #define HAVE_SYS_STAT_H 1
| #define HAVE_SYS_TYPES_H 1
| #define HAVE_UNISTD_H 1
| #define STDC_HEADERS 1
| #define HAVE_DLFCN_H 1
| #define LT_OBJDIR ".libs/"
| /* end confdefs.h.  */
| #include <stddef.h>
| #ifdef HAVE_STDIO_H
| # include <stdio.h>
| #endif
| #ifdef HAVE_STDLIB_H
| # include <stdlib.h>
| #endif
| #ifdef HAVE_STRING_H
| # include <string.h>
| #endif
| #ifdef HAVE_INTTYPES_H
| # include <inttypes.h>
| #endif
| #ifdef HAVE_STDINT_H
| # include <stdint.h>
| #endif
| #ifdef HAVE_STRINGS_H
| # include <strings.h>
| #endif
| #ifdef HAVE_SYS_TYPES_H
| # include <sys/types.h>
| #endif
| #ifdef HAVE_SYS_STAT_H
| # include <sys/stat.h>
| #endif
| #ifdef HAVE_UNISTD_H
| # include <unistd.h>
| #endif
| int
| main (void)
| {
| static int test_array [1 - 2 * !(((long int) (sizeof (size_t))) <= 0)];
| test_array [0] = 0;
| return test_array [0];
| 
|   ;
|   return 0;
| }
configure:19252: /home/gia82/.buildozer/android/platform/android-ndk-r28c/toolchains/llvm/prebuilt/linux-x86_64/bin/clang -target aarch64-linux-android24 -fomit-frame-pointer -march=armv8-a -fPIC -c -target aarch64-linux-android24 -fomit-frame-pointer -march=armv8-a -fPIC -DANDROID -I/home/gia82/.buildozer/android/platform/android-ndk-r28c/toolchains/llvm/prebuilt/linux-x86_64/sysroot/usr/include -I/home/gia82/adware_killer/.buildozer/android/platform/build-arm64-v8a_armeabi-v7a/build/other_builds/python3/arm64-v8a__ndk_target_24/python3/android-build/android-root/include/python3.14 conftest.c >&5
conftest.c:54:24: error: 'test_array' declared as an array with a negative size
   54 | static int test_array [1 - 2 * !(((long int) (sizeof (size_t))) <= 1)];
      |                        ^~~~~~~~~~~~~~~~~~~~~~~~~~~~~~~~~~~~~~~~~~~~~~
1 error generated.
configure:19252: $? = 1
configure: failed program was:
| /* confdefs.h */
| #define PACKAGE_NAME "libffi"
| #define PACKAGE_TARNAME "libffi"
| #define PACKAGE_VERSION "3.4.2"
| #define PACKAGE_STRING "libffi 3.4.2"
| #define PACKAGE_BUGREPORT "http://github.com/libffi/libffi/issues"
| #define PACKAGE_URL ""
| #define PACKAGE "libffi"
| #define VERSION "3.4.2"
| #define HAVE_STDIO_H 1
| #define HAVE_STDLIB_H 1
| #define HAVE_STRING_H 1
| #define HAVE_INTTYPES_H 1
| #define HAVE_STDINT_H 1
| #define HAVE_STRINGS_H 1
| #define HAVE_SYS_STAT_H 1
| #define HAVE_SYS_TYPES_H 1
| #define HAVE_UNISTD_H 1
| #define STDC_HEADERS 1
| #define HAVE_DLFCN_H 1
| #define LT_OBJDIR ".libs/"
| /* end confdefs.h.  */
| #include <stddef.h>
| #ifdef HAVE_STDIO_H
| # include <stdio.h>
| #endif
| #ifdef HAVE_STDLIB_H
| # include <stdlib.h>
| #endif
| #ifdef HAVE_STRING_H
| # include <string.h>
| #endif
| #ifdef HAVE_INTTYPES_H
| # include <inttypes.h>
| #endif
| #ifdef HAVE_STDINT_H
| # include <stdint.h>
| #endif
| #ifdef HAVE_STRINGS_H
| # include <strings.h>
| #endif
| #ifdef HAVE_SYS_TYPES_H
| # include <sys/types.h>
| #endif
| #ifdef HAVE_SYS_STAT_H
| # include <sys/stat.h>
| #endif
| #ifdef HAVE_UNISTD_H
| # include <unistd.h>
| #endif
| int
| main (void)
| {
| static int test_array [1 - 2 * !(((long int) (sizeof (size_t))) <= 1)];
| test_array [0] = 0;
| return test_array [0];
| 
|   ;
|   return 0;
| }
configure:19252: /home/gia82/.buildozer/android/platform/android-ndk-r28c/toolchains/llvm/prebuilt/linux-x86_64/bin/clang -target aarch64-linux-android24 -fomit-frame-pointer -march=armv8-a -fPIC -c -target aarch64-linux-android24 -fomit-frame-pointer -march=armv8-a -fPIC -DANDROID -I/home/gia82/.buildozer/android/platform/android-ndk-r28c/toolchains/llvm/prebuilt/linux-x86_64/sysroot/usr/include -I/home/gia82/adware_killer/.buildozer/android/platform/build-arm64-v8a_armeabi-v7a/build/other_builds/python3/arm64-v8a__ndk_target_24/python3/android-build/android-root/include/python3.14 conftest.c >&5
conftest.c:54:24: error: 'test_array' declared as an array with a negative size
   54 | static int test_array [1 - 2 * !(((long int) (sizeof (size_t))) <= 3)];
      |                        ^~~~~~~~~~~~~~~~~~~~~~~~~~~~~~~~~~~~~~~~~~~~~~
1 error generated.
configure:19252: $? = 1
configure: failed program was:
| /* confdefs.h */
| #define PACKAGE_NAME "libffi"
| #define PACKAGE_TARNAME "libffi"
| #define PACKAGE_VERSION "3.4.2"
| #define PACKAGE_STRING "libffi 3.4.2"
| #define PACKAGE_BUGREPORT "http://github.com/libffi/libffi/issues"
| #define PACKAGE_URL ""
| #define PACKAGE "libffi"
| #define VERSION "3.4.2"
| #define HAVE_STDIO_H 1
| #define HAVE_STDLIB_H 1
| #define HAVE_STRING_H 1
| #define HAVE_INTTYPES_H 1
| #define HAVE_STDINT_H 1
| #define HAVE_STRINGS_H 1
| #define HAVE_SYS_STAT_H 1
| #define HAVE_SYS_TYPES_H 1
| #define HAVE_UNISTD_H 1
| #define STDC_HEADERS 1
| #define HAVE_DLFCN_H 1
| #define LT_OBJDIR ".libs/"
| /* end confdefs.h.  */
| #include <stddef.h>
| #ifdef HAVE_STDIO_H
| # include <stdio.h>
| #endif
| #ifdef HAVE_STDLIB_H
| # include <stdlib.h>
| #endif
| #ifdef HAVE_STRING_H
| # include <string.h>
| #endif
| #ifdef HAVE_INTTYPES_H
| # include <inttypes.h>
| #endif
| #ifdef HAVE_STDINT_H
| # include <stdint.h>
| #endif
| #ifdef HAVE_STRINGS_H
| # include <strings.h>
| #endif
| #ifdef HAVE_SYS_TYPES_H
| # include <sys/types.h>
| #endif
| #ifdef HAVE_SYS_STAT_H
| # include <sys/stat.h>
| #endif
| #ifdef HAVE_UNISTD_H
| # include <unistd.h>
| #endif
| int
| main (void)
| {
| static int test_array [1 - 2 * !(((long int) (sizeof (size_t))) <= 3)];
| test_array [0] = 0;
| return test_array [0];
| 
|   ;
|   return 0;
| }
configure:19252: /home/gia82/.buildozer/android/platform/android-ndk-r28c/toolchains/llvm/prebuilt/linux-x86_64/bin/clang -target aarch64-linux-android24 -fomit-frame-pointer -march=armv8-a -fPIC -c -target aarch64-linux-android24 -fomit-frame-pointer -march=armv8-a -fPIC -DANDROID -I/home/gia82/.buildozer/android/platform/android-ndk-r28c/toolchains/llvm/prebuilt/linux-x86_64/sysroot/usr/include -I/home/gia82/adware_killer/.buildozer/android/platform/build-arm64-v8a_armeabi-v7a/build/other_builds/python3/arm64-v8a__ndk_target_24/python3/android-build/android-root/include/python3.14 conftest.c >&5
conftest.c:54:24: error: 'test_array' declared as an array with a negative size
   54 | static int test_array [1 - 2 * !(((long int) (sizeof (size_t))) <= 7)];
      |                        ^~~~~~~~~~~~~~~~~~~~~~~~~~~~~~~~~~~~~~~~~~~~~~
1 error generated.
configure:19252: $? = 1
configure: failed program was:
| /* confdefs.h */
| #define PACKAGE_NAME "libffi"
| #define PACKAGE_TARNAME "libffi"
| #define PACKAGE_VERSION "3.4.2"
| #define PACKAGE_STRING "libffi 3.4.2"
| #define PACKAGE_BUGREPORT "http://github.com/libffi/libffi/issues"
| #define PACKAGE_URL ""
| #define PACKAGE "libffi"
| #define VERSION "3.4.2"
| #define HAVE_STDIO_H 1
| #define HAVE_STDLIB_H 1
| #define HAVE_STRING_H 1
| #define HAVE_INTTYPES_H 1
| #define HAVE_STDINT_H 1
| #define HAVE_STRINGS_H 1
| #define HAVE_SYS_STAT_H 1
| #define HAVE_SYS_TYPES_H 1
| #define HAVE_UNISTD_H 1
| #define STDC_HEADERS 1
| #define HAVE_DLFCN_H 1
| #define LT_OBJDIR ".libs/"
| /* end confdefs.h.  */
| #include <stddef.h>
| #ifdef HAVE_STDIO_H
| # include <stdio.h>
| #endif
| #ifdef HAVE_STDLIB_H
| # include <stdlib.h>
| #endif
| #ifdef HAVE_STRING_H
| # include <string.h>
| #endif
| #ifdef HAVE_INTTYPES_H
| # include <inttypes.h>
| #endif
| #ifdef HAVE_STDINT_H
| # include <stdint.h>
| #endif
| #ifdef HAVE_STRINGS_H
| # include <strings.h>
| #endif
| #ifdef HAVE_SYS_TYPES_H
| # include <sys/types.h>
| #endif
| #ifdef HAVE_SYS_STAT_H
| # include <sys/stat.h>
| #endif
| #ifdef HAVE_UNISTD_H
| # include <unistd.h>
| #endif
| int
| main (void)
| {
| static int test_array [1 - 2 * !(((long int) (sizeof (size_t))) <= 7)];
| test_array [0] = 0;
| return test_array [0];
| 
|   ;
|   return 0;
| }
configure:19252: /home/gia82/.buildozer/android/platform/android-ndk-r28c/toolchains/llvm/prebuilt/linux-x86_64/bin/clang -target aarch64-linux-android24 -fomit-frame-pointer -march=armv8-a -fPIC -c -target aarch64-linux-android24 -fomit-frame-pointer -march=armv8-a -fPIC -DANDROID -I/home/gia82/.buildozer/android/platform/android-ndk-r28c/toolchains/llvm/prebuilt/linux-x86_64/sysroot/usr/include -I/home/gia82/adware_killer/.buildozer/android/platform/build-arm64-v8a_armeabi-v7a/build/other_builds/python3/arm64-v8a__ndk_target_24/python3/android-build/android-root/include/python3.14 conftest.c >&5
configure:19252: $? = 0
configure:19252: /home/gia82/.buildozer/android/platform/android-ndk-r28c/toolchains/llvm/prebuilt/linux-x86_64/bin/clang -target aarch64-linux-android24 -fomit-frame-pointer -march=armv8-a -fPIC -c -target aarch64-linux-android24 -fomit-frame-pointer -march=armv8-a -fPIC -DANDROID -I/home/gia82/.buildozer/android/platform/android-ndk-r28c/toolchains/llvm/prebuilt/linux-x86_64/sysroot/usr/include -I/home/gia82/adware_killer/.buildozer/android/platform/build-arm64-v8a_armeabi-v7a/build/other_builds/python3/arm64-v8a__ndk_target_24/python3/android-build/android-root/include/python3.14 conftest.c >&5
configure:19252: $? = 0
configure:19252: /home/gia82/.buildozer/android/platform/android-ndk-r28c/toolchains/llvm/prebuilt/linux-x86_64/bin/clang -target aarch64-linux-android24 -fomit-frame-pointer -march=armv8-a -fPIC -c -target aarch64-linux-android24 -fomit-frame-pointer -march=armv8-a -fPIC -DANDROID -I/home/gia82/.buildozer/android/platform/android-ndk-r28c/toolchains/llvm/prebuilt/linux-x86_64/sysroot/usr/include -I/home/gia82/adware_killer/.buildozer/android/platform/build-arm64-v8a_armeabi-v7a/build/other_builds/python3/arm64-v8a__ndk_target_24/python3/android-build/android-root/include/python3.14 conftest.c >&5
configure:19252: $? = 0
configure:19252: /home/gia82/.buildozer/android/platform/android-ndk-r28c/toolchains/llvm/prebuilt/linux-x86_64/bin/clang -target aarch64-linux-android24 -fomit-frame-pointer -march=armv8-a -fPIC -c -target aarch64-linux-android24 -fomit-frame-pointer -march=armv8-a -fPIC -DANDROID -I/home/gia82/.buildozer/android/platform/android-ndk-r28c/toolchains/llvm/prebuilt/linux-x86_64/sysroot/usr/include -I/home/gia82/adware_killer/.buildozer/android/platform/build-arm64-v8a_armeabi-v7a/build/other_builds/python3/arm64-v8a__ndk_target_24/python3/android-build/android-root/include/python3.14 conftest.c >&5
configure:19252: $? = 0
configure:19269: result: 8
configure:19278: checking for C compiler vendor
configure:19327: /home/gia82/.buildozer/android/platform/android-ndk-r28c/toolchains/llvm/prebuilt/linux-x86_64/bin/clang -target aarch64-linux-android24 -fomit-frame-pointer -march=armv8-a -fPIC -c -target aarch64-linux-android24 -fomit-frame-pointer -march=armv8-a -fPIC -DANDROID -I/home/gia82/.buildozer/android/platform/android-ndk-r28c/toolchains/llvm/prebuilt/linux-x86_64/sysroot/usr/include -I/home/gia82/adware_killer/.buildozer/android/platform/build-arm64-v8a_armeabi-v7a/build/other_builds/python3/arm64-v8a__ndk_target_24/python3/android-build/android-root/include/python3.14 conftest.c >&5
conftest.c:30:9: error: use of undeclared identifier 'thisisanerror'
   30 |         thisisanerror;
      |         ^
1 error generated.
configure:19327: $? = 1
configure: failed program was:
| /* confdefs.h */
| #define PACKAGE_NAME "libffi"
| #define PACKAGE_TARNAME "libffi"
| #define PACKAGE_VERSION "3.4.2"
| #define PACKAGE_STRING "libffi 3.4.2"
| #define PACKAGE_BUGREPORT "http://github.com/libffi/libffi/issues"
| #define PACKAGE_URL ""
| #define PACKAGE "libffi"
| #define VERSION "3.4.2"
| #define HAVE_STDIO_H 1
| #define HAVE_STDLIB_H 1
| #define HAVE_STRING_H 1
| #define HAVE_INTTYPES_H 1
| #define HAVE_STDINT_H 1
| #define HAVE_STRINGS_H 1
| #define HAVE_SYS_STAT_H 1
| #define HAVE_SYS_TYPES_H 1
| #define HAVE_UNISTD_H 1
| #define STDC_HEADERS 1
| #define HAVE_DLFCN_H 1
| #define LT_OBJDIR ".libs/"
| #define SIZEOF_SIZE_T 8
| /* end confdefs.h.  */
| 
| int
| main (void)
| {
| 
|       #if !(defined(__ICC) || defined(__ECC) || defined(__INTEL_COMPILER))
|         thisisanerror;
|       #endif
| 
|   ;
|   return 0;
| }
configure:19327: /home/gia82/.buildozer/android/platform/android-ndk-r28c/toolchains/llvm/prebuilt/linux-x86_64/bin/clang -target aarch64-linux-android24 -fomit-frame-pointer -march=armv8-a -fPIC -c -target aarch64-linux-android24 -fomit-frame-pointer -march=armv8-a -fPIC -DANDROID -I/home/gia82/.buildozer/android/platform/android-ndk-r28c/toolchains/llvm/prebuilt/linux-x86_64/sysroot/usr/include -I/home/gia82/adware_killer/.buildozer/android/platform/build-arm64-v8a_armeabi-v7a/build/other_builds/python3/arm64-v8a__ndk_target_24/python3/android-build/android-root/include/python3.14 conftest.c >&5
conftest.c:30:9: error: use of undeclared identifier 'thisisanerror'
   30 |         thisisanerror;
      |         ^
1 error generated.
configure:19327: $? = 1
configure: failed program was:
| /* confdefs.h */
| #define PACKAGE_NAME "libffi"
| #define PACKAGE_TARNAME "libffi"
| #define PACKAGE_VERSION "3.4.2"
| #define PACKAGE_STRING "libffi 3.4.2"
| #define PACKAGE_BUGREPORT "http://github.com/libffi/libffi/issues"
| #define PACKAGE_URL ""
| #define PACKAGE "libffi"
| #define VERSION "3.4.2"
| #define HAVE_STDIO_H 1
| #define HAVE_STDLIB_H 1
| #define HAVE_STRING_H 1
| #define HAVE_INTTYPES_H 1
| #define HAVE_STDINT_H 1
| #define HAVE_STRINGS_H 1
| #define HAVE_SYS_STAT_H 1
| #define HAVE_SYS_TYPES_H 1
| #define HAVE_UNISTD_H 1
| #define STDC_HEADERS 1
| #define HAVE_DLFCN_H 1
| #define LT_OBJDIR ".libs/"
| #define SIZEOF_SIZE_T 8
| /* end confdefs.h.  */
| 
| int
| main (void)
| {
| 
|       #if !(defined(__xlc__) || defined(__xlC__) || defined(__IBMC__) || defined(__IBMCPP__))
|         thisisanerror;
|       #endif
| 
|   ;
|   return 0;
| }
configure:19327: /home/gia82/.buildozer/android/platform/android-ndk-r28c/toolchains/llvm/prebuilt/linux-x86_64/bin/clang -target aarch64-linux-android24 -fomit-frame-pointer -march=armv8-a -fPIC -c -target aarch64-linux-android24 -fomit-frame-pointer -march=armv8-a -fPIC -DANDROID -I/home/gia82/.buildozer/android/platform/android-ndk-r28c/toolchains/llvm/prebuilt/linux-x86_64/sysroot/usr/include -I/home/gia82/adware_killer/.buildozer/android/platform/build-arm64-v8a_armeabi-v7a/build/other_builds/python3/arm64-v8a__ndk_target_24/python3/android-build/android-root/include/python3.14 conftest.c >&5
conftest.c:30:9: error: use of undeclared identifier 'thisisanerror'
   30 |         thisisanerror;
      |         ^
1 error generated.
configure:19327: $? = 1
configure: failed program was:
| /* confdefs.h */
| #define PACKAGE_NAME "libffi"
| #define PACKAGE_TARNAME "libffi"
| #define PACKAGE_VERSION "3.4.2"
| #define PACKAGE_STRING "libffi 3.4.2"
| #define PACKAGE_BUGREPORT "http://github.com/libffi/libffi/issues"
| #define PACKAGE_URL ""
| #define PACKAGE "libffi"
| #define VERSION "3.4.2"
| #define HAVE_STDIO_H 1
| #define HAVE_STDLIB_H 1
| #define HAVE_STRING_H 1
| #define HAVE_INTTYPES_H 1
| #define HAVE_STDINT_H 1
| #define HAVE_STRINGS_H 1
| #define HAVE_SYS_STAT_H 1
| #define HAVE_SYS_TYPES_H 1
| #define HAVE_UNISTD_H 1
| #define STDC_HEADERS 1
| #define HAVE_DLFCN_H 1
| #define LT_OBJDIR ".libs/"
| #define SIZEOF_SIZE_T 8
| /* end confdefs.h.  */
| 
| int
| main (void)
| {
| 
|       #if !(defined(__PATHCC__) || defined(__PATHSCALE__))
|         thisisanerror;
|       #endif
| 
|   ;
|   return 0;
| }
configure:19327: /home/gia82/.buildozer/android/platform/android-ndk-r28c/toolchains/llvm/prebuilt/linux-x86_64/bin/clang -target aarch64-linux-android24 -fomit-frame-pointer -march=armv8-a -fPIC -c -target aarch64-linux-android24 -fomit-frame-pointer -march=armv8-a -fPIC -DANDROID -I/home/gia82/.buildozer/android/platform/android-ndk-r28c/toolchains/llvm/prebuilt/linux-x86_64/sysroot/usr/include -I/home/gia82/adware_killer/.buildozer/android/platform/build-arm64-v8a_armeabi-v7a/build/other_builds/python3/arm64-v8a__ndk_target_24/python3/android-build/android-root/include/python3.14 conftest.c >&5
configure:19327: $? = 0
configure:19337: result: clang
configure:20190: checking whether C compiler accepts -target aarch64-linux-android24 -fomit-frame-pointer -march=armv8-a -fPIC
configure:20210: /home/gia82/.buildozer/android/platform/android-ndk-r28c/toolchains/llvm/prebuilt/linux-x86_64/bin/clang -target aarch64-linux-android24 -fomit-frame-pointer -march=armv8-a -fPIC -c -target aarch64-linux-android24 -fomit-frame-pointer -march=armv8-a -fPIC  -target aarch64-linux-android24 -fomit-frame-pointer -march=armv8-a -fPIC -DANDROID -I/home/gia82/.buildozer/android/platform/android-ndk-r28c/toolchains/llvm/prebuilt/linux-x86_64/sysroot/usr/include -I/home/gia82/adware_killer/.buildozer/android/platform/build-arm64-v8a_armeabi-v7a/build/other_builds/python3/arm64-v8a__ndk_target_24/python3/android-build/android-root/include/python3.14 conftest.c >&5
configure:20210: $? = 0
configure:20222: result: yes
configure:20252: checking CFLAGS for maximum warnings
configure:20273: /home/gia82/.buildozer/android/platform/android-ndk-r28c/toolchains/llvm/prebuilt/linux-x86_64/bin/clang -target aarch64-linux-android24 -fomit-frame-pointer -march=armv8-a -fPIC -c -target aarch64-linux-android24 -fomit-frame-pointer -march=armv8-a -fPIC -warn all  -warn all -DANDROID -I/home/gia82/.buildozer/android/platform/android-ndk-r28c/toolchains/llvm/prebuilt/linux-x86_64/sysroot/usr/include -I/home/gia82/adware_killer/.buildozer/android/platform/build-arm64-v8a_armeabi-v7a/build/other_builds/python3/arm64-v8a__ndk_target_24/python3/android-build/android-root/include/python3.14 conftest.c >&5
clang: error: unknown argument: '-warn'
clang: error: unknown argument: '-warn'
clang: error: no such file or directory: 'all'
clang: error: no such file or directory: 'all'
configure:20273: $? = 1
configure: failed program was:
| /* confdefs.h */
| #define PACKAGE_NAME "libffi"
| #define PACKAGE_TARNAME "libffi"
| #define PACKAGE_VERSION "3.4.2"
| #define PACKAGE_STRING "libffi 3.4.2"
| #define PACKAGE_BUGREPORT "http://github.com/libffi/libffi/issues"
| #define PACKAGE_URL ""
| #define PACKAGE "libffi"
| #define VERSION "3.4.2"
| #define HAVE_STDIO_H 1
| #define HAVE_STDLIB_H 1
| #define HAVE_STRING_H 1
| #define HAVE_INTTYPES_H 1
| #define HAVE_STDINT_H 1
| #define HAVE_STRINGS_H 1
| #define HAVE_SYS_STAT_H 1
| #define HAVE_SYS_TYPES_H 1
| #define HAVE_UNISTD_H 1
| #define STDC_HEADERS 1
| #define HAVE_DLFCN_H 1
| #define LT_OBJDIR ".libs/"
| #define SIZEOF_SIZE_T 8
| /* end confdefs.h.  */
| 
| int
| main (void)
| {
| 
|   ;
|   return 0;
| }
configure:20273: /home/gia82/.buildozer/android/platform/android-ndk-r28c/toolchains/llvm/prebuilt/linux-x86_64/bin/clang -target aarch64-linux-android24 -fomit-frame-pointer -march=armv8-a -fPIC -c -target aarch64-linux-android24 -fomit-frame-pointer -march=armv8-a -fPIC -pedantic  -Wall -DANDROID -I/home/gia82/.buildozer/android/platform/android-ndk-r28c/toolchains/llvm/prebuilt/linux-x86_64/sysroot/usr/include -I/home/gia82/adware_killer/.buildozer/android/platform/build-arm64-v8a_armeabi-v7a/build/other_builds/python3/arm64-v8a__ndk_target_24/python3/android-build/android-root/include/python3.14 conftest.c >&5
configure:20273: $? = 0
configure:20283: result: -Wall
configure:20304: : CFLAGS="$CFLAGS"
configure:20307: $? = 0
configure:20346: checking whether to enable maintainer-specific portions of Makefiles
configure:20357: result: no
configure:20371: checking for sys/memfd.h
configure:20371: /home/gia82/.buildozer/android/platform/android-ndk-r28c/toolchains/llvm/prebuilt/linux-x86_64/bin/clang -target aarch64-linux-android24 -fomit-frame-pointer -march=armv8-a -fPIC -c -target aarch64-linux-android24 -fomit-frame-pointer -march=armv8-a -fPIC -Wall -fexceptions -DANDROID -I/home/gia82/.buildozer/android/platform/android-ndk-r28c/toolchains/llvm/prebuilt/linux-x86_64/sysroot/usr/include -I/home/gia82/adware_killer/.buildozer/android/platform/build-arm64-v8a_armeabi-v7a/build/other_builds/python3/arm64-v8a__ndk_target_24/python3/android-build/android-root/include/python3.14 conftest.c >&5
conftest.c:52:10: fatal error: 'sys/memfd.h' file not found
   52 | #include <sys/memfd.h>
      |          ^~~~~~~~~~~~~
1 error generated.
configure:20371: $? = 1
configure: failed program was:
| /* confdefs.h */
| #define PACKAGE_NAME "libffi"
| #define PACKAGE_TARNAME "libffi"
| #define PACKAGE_VERSION "3.4.2"
| #define PACKAGE_STRING "libffi 3.4.2"
| #define PACKAGE_BUGREPORT "http://github.com/libffi/libffi/issues"
| #define PACKAGE_URL ""
| #define PACKAGE "libffi"
| #define VERSION "3.4.2"
| #define HAVE_STDIO_H 1
| #define HAVE_STDLIB_H 1
| #define HAVE_STRING_H 1
| #define HAVE_INTTYPES_H 1
| #define HAVE_STDINT_H 1
| #define HAVE_STRINGS_H 1
| #define HAVE_SYS_STAT_H 1
| #define HAVE_SYS_TYPES_H 1
| #define HAVE_UNISTD_H 1
| #define STDC_HEADERS 1
| #define HAVE_DLFCN_H 1
| #define LT_OBJDIR ".libs/"
| #define SIZEOF_SIZE_T 8
| /* end confdefs.h.  */
| #include <stddef.h>
| #ifdef HAVE_STDIO_H
| # include <stdio.h>
| #endif
| #ifdef HAVE_STDLIB_H
| # include <stdlib.h>
| #endif
| #ifdef HAVE_STRING_H
| # include <string.h>
| #endif
| #ifdef HAVE_INTTYPES_H
| # include <inttypes.h>
| #endif
| #ifdef HAVE_STDINT_H
| # include <stdint.h>
| #endif
| #ifdef HAVE_STRINGS_H
| # include <strings.h>
| #endif
| #ifdef HAVE_SYS_TYPES_H
| # include <sys/types.h>
| #endif
| #ifdef HAVE_SYS_STAT_H
| # include <sys/stat.h>
| #endif
| #ifdef HAVE_UNISTD_H
| # include <unistd.h>
| #endif
| #include <sys/memfd.h>
configure:20371: result: no
configure:20378: checking for memfd_create
configure:20378: /home/gia82/.buildozer/android/platform/android-ndk-r28c/toolchains/llvm/prebuilt/linux-x86_64/bin/clang -target aarch64-linux-android24 -fomit-frame-pointer -march=armv8-a -fPIC -o conftest -target aarch64-linux-android24 -fomit-frame-pointer -march=armv8-a -fPIC -Wall -fexceptions -DANDROID -I/home/gia82/.buildozer/android/platform/android-ndk-r28c/toolchains/llvm/prebuilt/linux-x86_64/sysroot/usr/include -I/home/gia82/adware_killer/.buildozer/android/platform/build-arm64-v8a_armeabi-v7a/build/other_builds/python3/arm64-v8a__ndk_target_24/python3/android-build/android-root/include/python3.14   -L/home/gia82/adware_killer/.buildozer/android/platform/build-arm64-v8a_armeabi-v7a/build/libs_collections/adwarekiller/arm64-v8a conftest.c  >&5
ld.lld: error: undefined symbol: memfd_create
>>> referenced by conftest.c
>>>               /tmp/conftest-e0a683.o:(main)
clang: error: linker command failed with exit code 1 (use -v to see invocation)
configure:20378: $? = 1
configure: failed program was:
| /* confdefs.h */
| #define PACKAGE_NAME "libffi"
| #define PACKAGE_TARNAME "libffi"
| #define PACKAGE_VERSION "3.4.2"
| #define PACKAGE_STRING "libffi 3.4.2"
| #define PACKAGE_BUGREPORT "http://github.com/libffi/libffi/issues"
| #define PACKAGE_URL ""
| #define PACKAGE "libffi"
| #define VERSION "3.4.2"
| #define HAVE_STDIO_H 1
| #define HAVE_STDLIB_H 1
| #define HAVE_STRING_H 1
| #define HAVE_INTTYPES_H 1
| #define HAVE_STDINT_H 1
| #define HAVE_STRINGS_H 1
| #define HAVE_SYS_STAT_H 1
| #define HAVE_SYS_TYPES_H 1
| #define HAVE_UNISTD_H 1
| #define STDC_HEADERS 1
| #define HAVE_DLFCN_H 1
| #define LT_OBJDIR ".libs/"
| #define SIZEOF_SIZE_T 8
| /* end confdefs.h.  */
| /* Define memfd_create to an innocuous variant, in case <limits.h> declares memfd_create.
|    For example, HP-UX 11i <limits.h> declares gettimeofday.  */
| #define memfd_create innocuous_memfd_create
| 
| /* System header to define __stub macros and hopefully few prototypes,
|    which can conflict with char memfd_create (void); below.  */
| 
| #include <limits.h>
| #undef memfd_create
| 
| /* Override any GCC internal prototype to avoid an error.
|    Use char because int might match the return type of a GCC
|    builtin and then its argument prototype would still apply.  */
| #ifdef __cplusplus
| extern "C"
| #endif
| char memfd_create (void);
| /* The GNU C library defines this for functions which it implements
|     to always fail with ENOSYS.  Some functions are actually named
|     something starting with __ and the normal name is an alias.  */
| #if defined __stub_memfd_create || defined __stub___memfd_create
| choke me
| #endif
| 
| int
| main (void)
| {
| return memfd_create ();
|   ;
|   return 0;
| }
configure:20378: result: no
configure:20386: checking for sys/mman.h
configure:20386: /home/gia82/.buildozer/android/platform/android-ndk-r28c/toolchains/llvm/prebuilt/linux-x86_64/bin/clang -target aarch64-linux-android24 -fomit-frame-pointer -march=armv8-a -fPIC -c -target aarch64-linux-android24 -fomit-frame-pointer -march=armv8-a -fPIC -Wall -fexceptions -DANDROID -I/home/gia82/.buildozer/android/platform/android-ndk-r28c/toolchains/llvm/prebuilt/linux-x86_64/sysroot/usr/include -I/home/gia82/adware_killer/.buildozer/android/platform/build-arm64-v8a_armeabi-v7a/build/other_builds/python3/arm64-v8a__ndk_target_24/python3/android-build/android-root/include/python3.14 conftest.c >&5
configure:20386: $? = 0
configure:20386: result: yes
configure:20393: checking for mmap
configure:20393: /home/gia82/.buildozer/android/platform/android-ndk-r28c/toolchains/llvm/prebuilt/linux-x86_64/bin/clang -target aarch64-linux-android24 -fomit-frame-pointer -march=armv8-a -fPIC -o conftest -target aarch64-linux-android24 -fomit-frame-pointer -march=armv8-a -fPIC -Wall -fexceptions -DANDROID -I/home/gia82/.buildozer/android/platform/android-ndk-r28c/toolchains/llvm/prebuilt/linux-x86_64/sysroot/usr/include -I/home/gia82/adware_killer/.buildozer/android/platform/build-arm64-v8a_armeabi-v7a/build/other_builds/python3/arm64-v8a__ndk_target_24/python3/android-build/android-root/include/python3.14   -L/home/gia82/adware_killer/.buildozer/android/platform/build-arm64-v8a_armeabi-v7a/build/libs_collections/adwarekiller/arm64-v8a conftest.c  >&5
configure:20393: $? = 0
configure:20393: result: yes
configure:20399: checking for mkostemp
configure:20399: /home/gia82/.buildozer/android/platform/android-ndk-r28c/toolchains/llvm/prebuilt/linux-x86_64/bin/clang -target aarch64-linux-android24 -fomit-frame-pointer -march=armv8-a -fPIC -o conftest -target aarch64-linux-android24 -fomit-frame-pointer -march=armv8-a -fPIC -Wall -fexceptions -DANDROID -I/home/gia82/.buildozer/android/platform/android-ndk-r28c/toolchains/llvm/prebuilt/linux-x86_64/sysroot/usr/include -I/home/gia82/adware_killer/.buildozer/android/platform/build-arm64-v8a_armeabi-v7a/build/other_builds/python3/arm64-v8a__ndk_target_24/python3/android-build/android-root/include/python3.14   -L/home/gia82/adware_killer/.buildozer/android/platform/build-arm64-v8a_armeabi-v7a/build/libs_collections/adwarekiller/arm64-v8a conftest.c  >&5
configure:20399: $? = 0
configure:20399: result: yes
configure:20405: checking for mkstemp
configure:20405: /home/gia82/.buildozer/android/platform/android-ndk-r28c/toolchains/llvm/prebuilt/linux-x86_64/bin/clang -target aarch64-linux-android24 -fomit-frame-pointer -march=armv8-a -fPIC -o conftest -target aarch64-linux-android24 -fomit-frame-pointer -march=armv8-a -fPIC -Wall -fexceptions -DANDROID -I/home/gia82/.buildozer/android/platform/android-ndk-r28c/toolchains/llvm/prebuilt/linux-x86_64/sysroot/usr/include -I/home/gia82/adware_killer/.buildozer/android/platform/build-arm64-v8a_armeabi-v7a/build/other_builds/python3/arm64-v8a__ndk_target_24/python3/android-build/android-root/include/python3.14   -L/home/gia82/adware_killer/.buildozer/android/platform/build-arm64-v8a_armeabi-v7a/build/libs_collections/adwarekiller/arm64-v8a conftest.c  >&5
configure:20405: $? = 0
configure:20405: result: yes
configure:20413: checking for sys/mman.h
configure:20413: result: yes
configure:20422: checking for mmap
configure:20422: result: yes
configure:20437: checking whether read-only mmap of a plain file works
configure:20456: result: yes
configure:20458: checking whether mmap from /dev/zero works
configure:20482: result: yes
configure:20486: checking for MAP_ANON(YMOUS)
configure:20510: /home/gia82/.buildozer/android/platform/android-ndk-r28c/toolchains/llvm/prebuilt/linux-x86_64/bin/clang -target aarch64-linux-android24 -fomit-frame-pointer -march=armv8-a -fPIC -c -target aarch64-linux-android24 -fomit-frame-pointer -march=armv8-a -fPIC -Wall -fexceptions -DANDROID -I/home/gia82/.buildozer/android/platform/android-ndk-r28c/toolchains/llvm/prebuilt/linux-x86_64/sysroot/usr/include -I/home/gia82/adware_killer/.buildozer/android/platform/build-arm64-v8a_armeabi-v7a/build/other_builds/python3/arm64-v8a__ndk_target_24/python3/android-build/android-root/include/python3.14 conftest.c >&5
conftest.c:39:5: warning: unused variable 'n' [-Wunused-variable]
   39 | int n = MAP_ANONYMOUS;
      |     ^
1 warning generated.
configure:20510: $? = 0
configure:20520: result: yes
configure:20526: checking whether mmap with MAP_ANON(YMOUS) works
configure:20545: result: yes
configure:20591: checking for egrep
configure:20661: result: /usr/bin/grep -E
configure:20669: checking for memcpy
configure:20669: /home/gia82/.buildozer/android/platform/android-ndk-r28c/toolchains/llvm/prebuilt/linux-x86_64/bin/clang -target aarch64-linux-android24 -fomit-frame-pointer -march=armv8-a -fPIC -o conftest -target aarch64-linux-android24 -fomit-frame-pointer -march=armv8-a -fPIC -Wall -fexceptions -DANDROID -I/home/gia82/.buildozer/android/platform/android-ndk-r28c/toolchains/llvm/prebuilt/linux-x86_64/sysroot/usr/include -I/home/gia82/adware_killer/.buildozer/android/platform/build-arm64-v8a_armeabi-v7a/build/other_builds/python3/arm64-v8a__ndk_target_24/python3/android-build/android-root/include/python3.14   -L/home/gia82/adware_killer/.buildozer/android/platform/build-arm64-v8a_armeabi-v7a/build/libs_collections/adwarekiller/arm64-v8a conftest.c  >&5
conftest.c:47:6: warning: incompatible redeclaration of library function 'memcpy' [-Wincompatible-library-redeclaration]
   47 | char memcpy (void);
      |      ^
conftest.c:47:6: note: 'memcpy' is a builtin with type 'void *(void *, const void *, unsigned long)'
1 warning generated.
configure:20669: $? = 0
configure:20669: result: yes
configure:20676: checking for size_t
configure:20676: /home/gia82/.buildozer/android/platform/android-ndk-r28c/toolchains/llvm/prebuilt/linux-x86_64/bin/clang -target aarch64-linux-android24 -fomit-frame-pointer -march=armv8-a -fPIC -c -target aarch64-linux-android24 -fomit-frame-pointer -march=armv8-a -fPIC -Wall -fexceptions -DANDROID -I/home/gia82/.buildozer/android/platform/android-ndk-r28c/toolchains/llvm/prebuilt/linux-x86_64/sysroot/usr/include -I/home/gia82/adware_killer/.buildozer/android/platform/build-arm64-v8a_armeabi-v7a/build/other_builds/python3/arm64-v8a__ndk_target_24/python3/android-build/android-root/include/python3.14 conftest.c >&5
configure:20676: $? = 0
configure:20676: /home/gia82/.buildozer/android/platform/android-ndk-r28c/toolchains/llvm/prebuilt/linux-x86_64/bin/clang -target aarch64-linux-android24 -fomit-frame-pointer -march=armv8-a -fPIC -c -target aarch64-linux-android24 -fomit-frame-pointer -march=armv8-a -fPIC -Wall -fexceptions -DANDROID -I/home/gia82/.buildozer/android/platform/android-ndk-r28c/toolchains/llvm/prebuilt/linux-x86_64/sysroot/usr/include -I/home/gia82/adware_killer/.buildozer/android/platform/build-arm64-v8a_armeabi-v7a/build/other_builds/python3/arm64-v8a__ndk_target_24/python3/android-build/android-root/include/python3.14 conftest.c >&5
conftest.c:63:21: error: expected expression
   63 | if (sizeof ((size_t)))
      |                     ^
1 error generated.
configure:20676: $? = 1
configure: failed program was:
| /* confdefs.h */
| #define PACKAGE_NAME "libffi"
| #define PACKAGE_TARNAME "libffi"
| #define PACKAGE_VERSION "3.4.2"
| #define PACKAGE_STRING "libffi 3.4.2"
| #define PACKAGE_BUGREPORT "http://github.com/libffi/libffi/issues"
| #define PACKAGE_URL ""
| #define PACKAGE "libffi"
| #define VERSION "3.4.2"
| #define HAVE_STDIO_H 1
| #define HAVE_STDLIB_H 1
| #define HAVE_STRING_H 1
| #define HAVE_INTTYPES_H 1
| #define HAVE_STDINT_H 1
| #define HAVE_STRINGS_H 1
| #define HAVE_SYS_STAT_H 1
| #define HAVE_SYS_TYPES_H 1
| #define HAVE_UNISTD_H 1
| #define STDC_HEADERS 1
| #define HAVE_DLFCN_H 1
| #define LT_OBJDIR ".libs/"
| #define SIZEOF_SIZE_T 8
| #define HAVE_SYS_MMAN_H 1
| #define HAVE_MMAP 1
| #define HAVE_MKOSTEMP 1
| #define HAVE_MKSTEMP 1
| #define HAVE_MMAP_FILE 1
| #define HAVE_MMAP_DEV_ZERO 1
| #define HAVE_MMAP_ANON 1
| #define HAVE_MEMCPY 1
| /* end confdefs.h.  */
| #include <stddef.h>
| #ifdef HAVE_STDIO_H
| # include <stdio.h>
| #endif
| #ifdef HAVE_STDLIB_H
| # include <stdlib.h>
| #endif
| #ifdef HAVE_STRING_H
| # include <string.h>
| #endif
| #ifdef HAVE_INTTYPES_H
| # include <inttypes.h>
| #endif
| #ifdef HAVE_STDINT_H
| # include <stdint.h>
| #endif
| #ifdef HAVE_STRINGS_H
| # include <strings.h>
| #endif
| #ifdef HAVE_SYS_TYPES_H
| # include <sys/types.h>
| #endif
| #ifdef HAVE_SYS_STAT_H
| # include <sys/stat.h>
| #endif
| #ifdef HAVE_UNISTD_H
| # include <unistd.h>
| #endif
| int
| main (void)
| {
| if (sizeof ((size_t)))
| 	    return 0;
|   ;
|   return 0;
| }
configure:20676: result: yes
configure:20689: checking for working alloca.h
configure:20707: /home/gia82/.buildozer/android/platform/android-ndk-r28c/toolchains/llvm/prebuilt/linux-x86_64/bin/clang -target aarch64-linux-android24 -fomit-frame-pointer -march=armv8-a -fPIC -o conftest -target aarch64-linux-android24 -fomit-frame-pointer -march=armv8-a -fPIC -Wall -fexceptions -DANDROID -I/home/gia82/.buildozer/android/platform/android-ndk-r28c/toolchains/llvm/prebuilt/linux-x86_64/sysroot/usr/include -I/home/gia82/adware_killer/.buildozer/android/platform/build-arm64-v8a_armeabi-v7a/build/other_builds/python3/arm64-v8a__ndk_target_24/python3/android-build/android-root/include/python3.14   -L/home/gia82/adware_killer/.buildozer/android/platform/build-arm64-v8a_armeabi-v7a/build/libs_collections/adwarekiller/arm64-v8a conftest.c  >&5
configure:20707: $? = 0
configure:20718: result: yes
configure:20726: checking for alloca
configure:20771: result: yes
configure:20845: checking size of double
configure:20851: /home/gia82/.buildozer/android/platform/android-ndk-r28c/toolchains/llvm/prebuilt/linux-x86_64/bin/clang -target aarch64-linux-android24 -fomit-frame-pointer -march=armv8-a -fPIC -c -target aarch64-linux-android24 -fomit-frame-pointer -march=armv8-a -fPIC -Wall -fexceptions -DANDROID -I/home/gia82/.buildozer/android/platform/android-ndk-r28c/toolchains/llvm/prebuilt/linux-x86_64/sysroot/usr/include -I/home/gia82/adware_killer/.buildozer/android/platform/build-arm64-v8a_armeabi-v7a/build/other_builds/python3/arm64-v8a__ndk_target_24/python3/android-build/android-root/include/python3.14 conftest.c >&5
configure:20851: $? = 0
configure:20851: /home/gia82/.buildozer/android/platform/android-ndk-r28c/toolchains/llvm/prebuilt/linux-x86_64/bin/clang -target aarch64-linux-android24 -fomit-frame-pointer -march=armv8-a -fPIC -c -target aarch64-linux-android24 -fomit-frame-pointer -march=armv8-a -fPIC -Wall -fexceptions -DANDROID -I/home/gia82/.buildozer/android/platform/android-ndk-r28c/toolchains/llvm/prebuilt/linux-x86_64/sysroot/usr/include -I/home/gia82/adware_killer/.buildozer/android/platform/build-arm64-v8a_armeabi-v7a/build/other_builds/python3/arm64-v8a__ndk_target_24/python3/android-build/android-root/include/python3.14 conftest.c >&5
conftest.c:65:24: error: 'test_array' declared as an array with a negative size
   65 | static int test_array [1 - 2 * !(((long int) (sizeof (double))) <= 0)];
      |                        ^~~~~~~~~~~~~~~~~~~~~~~~~~~~~~~~~~~~~~~~~~~~~~
1 error generated.
configure:20851: $? = 1
configure: failed program was:
| /* confdefs.h */
| #define PACKAGE_NAME "libffi"
| #define PACKAGE_TARNAME "libffi"
| #define PACKAGE_VERSION "3.4.2"
| #define PACKAGE_STRING "libffi 3.4.2"
| #define PACKAGE_BUGREPORT "http://github.com/libffi/libffi/issues"
| #define PACKAGE_URL ""
| #define PACKAGE "libffi"
| #define VERSION "3.4.2"
| #define HAVE_STDIO_H 1
| #define HAVE_STDLIB_H 1
| #define HAVE_STRING_H 1
| #define HAVE_INTTYPES_H 1
| #define HAVE_STDINT_H 1
| #define HAVE_STRINGS_H 1
| #define HAVE_SYS_STAT_H 1
| #define HAVE_SYS_TYPES_H 1
| #define HAVE_UNISTD_H 1
| #define STDC_HEADERS 1
| #define HAVE_DLFCN_H 1
| #define LT_OBJDIR ".libs/"
| #define SIZEOF_SIZE_T 8
| #define HAVE_SYS_MMAN_H 1
| #define HAVE_MMAP 1
| #define HAVE_MKOSTEMP 1
| #define HAVE_MKSTEMP 1
| #define HAVE_MMAP_FILE 1
| #define HAVE_MMAP_DEV_ZERO 1
| #define HAVE_MMAP_ANON 1
| #define HAVE_MEMCPY 1
| #define HAVE_ALLOCA_H 1
| #define HAVE_ALLOCA 1
| /* end confdefs.h.  */
| #include <stddef.h>
| #ifdef HAVE_STDIO_H
| # include <stdio.h>
| #endif
| #ifdef HAVE_STDLIB_H
| # include <stdlib.h>
| #endif
| #ifdef HAVE_STRING_H
| # include <string.h>
| #endif
| #ifdef HAVE_INTTYPES_H
| # include <inttypes.h>
| #endif
| #ifdef HAVE_STDINT_H
| # include <stdint.h>
| #endif
| #ifdef HAVE_STRINGS_H
| # include <strings.h>
| #endif
| #ifdef HAVE_SYS_TYPES_H
| # include <sys/types.h>
| #endif
| #ifdef HAVE_SYS_STAT_H
| # include <sys/stat.h>
| #endif
| #ifdef HAVE_UNISTD_H
| # include <unistd.h>
| #endif
| int
| main (void)
| {
| static int test_array [1 - 2 * !(((long int) (sizeof (double))) <= 0)];
| test_array [0] = 0;
| return test_array [0];
| 
|   ;
|   return 0;
| }
configure:20851: /home/gia82/.buildozer/android/platform/android-ndk-r28c/toolchains/llvm/prebuilt/linux-x86_64/bin/clang -target aarch64-linux-android24 -fomit-frame-pointer -march=armv8-a -fPIC -c -target aarch64-linux-android24 -fomit-frame-pointer -march=armv8-a -fPIC -Wall -fexceptions -DANDROID -I/home/gia82/.buildozer/android/platform/android-ndk-r28c/toolchains/llvm/prebuilt/linux-x86_64/sysroot/usr/include -I/home/gia82/adware_killer/.buildozer/android/platform/build-arm64-v8a_armeabi-v7a/build/other_builds/python3/arm64-v8a__ndk_target_24/python3/android-build/android-root/include/python3.14 conftest.c >&5
conftest.c:65:24: error: 'test_array' declared as an array with a negative size
   65 | static int test_array [1 - 2 * !(((long int) (sizeof (double))) <= 1)];
      |                        ^~~~~~~~~~~~~~~~~~~~~~~~~~~~~~~~~~~~~~~~~~~~~~
1 error generated.
configure:20851: $? = 1
configure: failed program was:
| /* confdefs.h */
| #define PACKAGE_NAME "libffi"
| #define PACKAGE_TARNAME "libffi"
| #define PACKAGE_VERSION "3.4.2"
| #define PACKAGE_STRING "libffi 3.4.2"
| #define PACKAGE_BUGREPORT "http://github.com/libffi/libffi/issues"
| #define PACKAGE_URL ""
| #define PACKAGE "libffi"
| #define VERSION "3.4.2"
| #define HAVE_STDIO_H 1
| #define HAVE_STDLIB_H 1
| #define HAVE_STRING_H 1
| #define HAVE_INTTYPES_H 1
| #define HAVE_STDINT_H 1
| #define HAVE_STRINGS_H 1
| #define HAVE_SYS_STAT_H 1
| #define HAVE_SYS_TYPES_H 1
| #define HAVE_UNISTD_H 1
| #define STDC_HEADERS 1
| #define HAVE_DLFCN_H 1
| #define LT_OBJDIR ".libs/"
| #define SIZEOF_SIZE_T 8
| #define HAVE_SYS_MMAN_H 1
| #define HAVE_MMAP 1
| #define HAVE_MKOSTEMP 1
| #define HAVE_MKSTEMP 1
| #define HAVE_MMAP_FILE 1
| #define HAVE_MMAP_DEV_ZERO 1
| #define HAVE_MMAP_ANON 1
| #define HAVE_MEMCPY 1
| #define HAVE_ALLOCA_H 1
| #define HAVE_ALLOCA 1
| /* end confdefs.h.  */
| #include <stddef.h>
| #ifdef HAVE_STDIO_H
| # include <stdio.h>
| #endif
| #ifdef HAVE_STDLIB_H
| # include <stdlib.h>
| #endif
| #ifdef HAVE_STRING_H
| # include <string.h>
| #endif
| #ifdef HAVE_INTTYPES_H
| # include <inttypes.h>
| #endif
| #ifdef HAVE_STDINT_H
| # include <stdint.h>
| #endif
| #ifdef HAVE_STRINGS_H
| # include <strings.h>
| #endif
| #ifdef HAVE_SYS_TYPES_H
| # include <sys/types.h>
| #endif
| #ifdef HAVE_SYS_STAT_H
| # include <sys/stat.h>
| #endif
| #ifdef HAVE_UNISTD_H
| # include <unistd.h>
| #endif
| int
| main (void)
| {
| static int test_array [1 - 2 * !(((long int) (sizeof (double))) <= 1)];
| test_array [0] = 0;
| return test_array [0];
| 
|   ;
|   return 0;
| }
configure:20851: /home/gia82/.buildozer/android/platform/android-ndk-r28c/toolchains/llvm/prebuilt/linux-x86_64/bin/clang -target aarch64-linux-android24 -fomit-frame-pointer -march=armv8-a -fPIC -c -target aarch64-linux-android24 -fomit-frame-pointer -march=armv8-a -fPIC -Wall -fexceptions -DANDROID -I/home/gia82/.buildozer/android/platform/android-ndk-r28c/toolchains/llvm/prebuilt/linux-x86_64/sysroot/usr/include -I/home/gia82/adware_killer/.buildozer/android/platform/build-arm64-v8a_armeabi-v7a/build/other_builds/python3/arm64-v8a__ndk_target_24/python3/android-build/android-root/include/python3.14 conftest.c >&5
conftest.c:65:24: error: 'test_array' declared as an array with a negative size
   65 | static int test_array [1 - 2 * !(((long int) (sizeof (double))) <= 3)];
      |                        ^~~~~~~~~~~~~~~~~~~~~~~~~~~~~~~~~~~~~~~~~~~~~~
1 error generated.
configure:20851: $? = 1
configure: failed program was:
| /* confdefs.h */
| #define PACKAGE_NAME "libffi"
| #define PACKAGE_TARNAME "libffi"
| #define PACKAGE_VERSION "3.4.2"
| #define PACKAGE_STRING "libffi 3.4.2"
| #define PACKAGE_BUGREPORT "http://github.com/libffi/libffi/issues"
| #define PACKAGE_URL ""
| #define PACKAGE "libffi"
| #define VERSION "3.4.2"
| #define HAVE_STDIO_H 1
| #define HAVE_STDLIB_H 1
| #define HAVE_STRING_H 1
| #define HAVE_INTTYPES_H 1
| #define HAVE_STDINT_H 1
| #define HAVE_STRINGS_H 1
| #define HAVE_SYS_STAT_H 1
| #define HAVE_SYS_TYPES_H 1
| #define HAVE_UNISTD_H 1
| #define STDC_HEADERS 1
| #define HAVE_DLFCN_H 1
| #define LT_OBJDIR ".libs/"
| #define SIZEOF_SIZE_T 8
| #define HAVE_SYS_MMAN_H 1
| #define HAVE_MMAP 1
| #define HAVE_MKOSTEMP 1
| #define HAVE_MKSTEMP 1
| #define HAVE_MMAP_FILE 1
| #define HAVE_MMAP_DEV_ZERO 1
| #define HAVE_MMAP_ANON 1
| #define HAVE_MEMCPY 1
| #define HAVE_ALLOCA_H 1
| #define HAVE_ALLOCA 1
| /* end confdefs.h.  */
| #include <stddef.h>
| #ifdef HAVE_STDIO_H
| # include <stdio.h>
| #endif
| #ifdef HAVE_STDLIB_H
| # include <stdlib.h>
| #endif
| #ifdef HAVE_STRING_H
| # include <string.h>
| #endif
| #ifdef HAVE_INTTYPES_H
| # include <inttypes.h>
| #endif
| #ifdef HAVE_STDINT_H
| # include <stdint.h>
| #endif
| #ifdef HAVE_STRINGS_H
| # include <strings.h>
| #endif
| #ifdef HAVE_SYS_TYPES_H
| # include <sys/types.h>
| #endif
| #ifdef HAVE_SYS_STAT_H
| # include <sys/stat.h>
| #endif
| #ifdef HAVE_UNISTD_H
| # include <unistd.h>
| #endif
| int
| main (void)
| {
| static int test_array [1 - 2 * !(((long int) (sizeof (double))) <= 3)];
| test_array [0] = 0;
| return test_array [0];
| 
|   ;
|   return 0;
| }
configure:20851: /home/gia82/.buildozer/android/platform/android-ndk-r28c/toolchains/llvm/prebuilt/linux-x86_64/bin/clang -target aarch64-linux-android24 -fomit-frame-pointer -march=armv8-a -fPIC -c -target aarch64-linux-android24 -fomit-frame-pointer -march=armv8-a -fPIC -Wall -fexceptions -DANDROID -I/home/gia82/.buildozer/android/platform/android-ndk-r28c/toolchains/llvm/prebuilt/linux-x86_64/sysroot/usr/include -I/home/gia82/adware_killer/.buildozer/android/platform/build-arm64-v8a_armeabi-v7a/build/other_builds/python3/arm64-v8a__ndk_target_24/python3/android-build/android-root/include/python3.14 conftest.c >&5
conftest.c:65:24: error: 'test_array' declared as an array with a negative size
   65 | static int test_array [1 - 2 * !(((long int) (sizeof (double))) <= 7)];
      |                        ^~~~~~~~~~~~~~~~~~~~~~~~~~~~~~~~~~~~~~~~~~~~~~
1 error generated.
configure:20851: $? = 1
configure: failed program was:
| /* confdefs.h */
| #define PACKAGE_NAME "libffi"
| #define PACKAGE_TARNAME "libffi"
| #define PACKAGE_VERSION "3.4.2"
| #define PACKAGE_STRING "libffi 3.4.2"
| #define PACKAGE_BUGREPORT "http://github.com/libffi/libffi/issues"
| #define PACKAGE_URL ""
| #define PACKAGE "libffi"
| #define VERSION "3.4.2"
| #define HAVE_STDIO_H 1
| #define HAVE_STDLIB_H 1
| #define HAVE_STRING_H 1
| #define HAVE_INTTYPES_H 1
| #define HAVE_STDINT_H 1
| #define HAVE_STRINGS_H 1
| #define HAVE_SYS_STAT_H 1
| #define HAVE_SYS_TYPES_H 1
| #define HAVE_UNISTD_H 1
| #define STDC_HEADERS 1
| #define HAVE_DLFCN_H 1
| #define LT_OBJDIR ".libs/"
| #define SIZEOF_SIZE_T 8
| #define HAVE_SYS_MMAN_H 1
| #define HAVE_MMAP 1
| #define HAVE_MKOSTEMP 1
| #define HAVE_MKSTEMP 1
| #define HAVE_MMAP_FILE 1
| #define HAVE_MMAP_DEV_ZERO 1
| #define HAVE_MMAP_ANON 1
| #define HAVE_MEMCPY 1
| #define HAVE_ALLOCA_H 1
| #define HAVE_ALLOCA 1
| /* end confdefs.h.  */
| #include <stddef.h>
| #ifdef HAVE_STDIO_H
| # include <stdio.h>
| #endif
| #ifdef HAVE_STDLIB_H
| # include <stdlib.h>
| #endif
| #ifdef HAVE_STRING_H
| # include <string.h>
| #endif
| #ifdef HAVE_INTTYPES_H
| # include <inttypes.h>
| #endif
| #ifdef HAVE_STDINT_H
| # include <stdint.h>
| #endif
| #ifdef HAVE_STRINGS_H
| # include <strings.h>
| #endif
| #ifdef HAVE_SYS_TYPES_H
| # include <sys/types.h>
| #endif
| #ifdef HAVE_SYS_STAT_H
| # include <sys/stat.h>
| #endif
| #ifdef HAVE_UNISTD_H
| # include <unistd.h>
| #endif
| int
| main (void)
| {
| static int test_array [1 - 2 * !(((long int) (sizeof (double))) <= 7)];
| test_array [0] = 0;
| return test_array [0];
| 
|   ;
|   return 0;
| }
configure:20851: /home/gia82/.buildozer/android/platform/android-ndk-r28c/toolchains/llvm/prebuilt/linux-x86_64/bin/clang -target aarch64-linux-android24 -fomit-frame-pointer -march=armv8-a -fPIC -c -target aarch64-linux-android24 -fomit-frame-pointer -march=armv8-a -fPIC -Wall -fexceptions -DANDROID -I/home/gia82/.buildozer/android/platform/android-ndk-r28c/toolchains/llvm/prebuilt/linux-x86_64/sysroot/usr/include -I/home/gia82/adware_killer/.buildozer/android/platform/build-arm64-v8a_armeabi-v7a/build/other_builds/python3/arm64-v8a__ndk_target_24/python3/android-build/android-root/include/python3.14 conftest.c >&5
configure:20851: $? = 0
configure:20851: /home/gia82/.buildozer/android/platform/android-ndk-r28c/toolchains/llvm/prebuilt/linux-x86_64/bin/clang -target aarch64-linux-android24 -fomit-frame-pointer -march=armv8-a -fPIC -c -target aarch64-linux-android24 -fomit-frame-pointer -march=armv8-a -fPIC -Wall -fexceptions -DANDROID -I/home/gia82/.buildozer/android/platform/android-ndk-r28c/toolchains/llvm/prebuilt/linux-x86_64/sysroot/usr/include -I/home/gia82/adware_killer/.buildozer/android/platform/build-arm64-v8a_armeabi-v7a/build/other_builds/python3/arm64-v8a__ndk_target_24/python3/android-build/android-root/include/python3.14 conftest.c >&5
configure:20851: $? = 0
configure:20851: /home/gia82/.buildozer/android/platform/android-ndk-r28c/toolchains/llvm/prebuilt/linux-x86_64/bin/clang -target aarch64-linux-android24 -fomit-frame-pointer -march=armv8-a -fPIC -c -target aarch64-linux-android24 -fomit-frame-pointer -march=armv8-a -fPIC -Wall -fexceptions -DANDROID -I/home/gia82/.buildozer/android/platform/android-ndk-r28c/toolchains/llvm/prebuilt/linux-x86_64/sysroot/usr/include -I/home/gia82/adware_killer/.buildozer/android/platform/build-arm64-v8a_armeabi-v7a/build/other_builds/python3/arm64-v8a__ndk_target_24/python3/android-build/android-root/include/python3.14 conftest.c >&5
configure:20851: $? = 0
configure:20851: /home/gia82/.buildozer/android/platform/android-ndk-r28c/toolchains/llvm/prebuilt/linux-x86_64/bin/clang -target aarch64-linux-android24 -fomit-frame-pointer -march=armv8-a -fPIC -c -target aarch64-linux-android24 -fomit-frame-pointer -march=armv8-a -fPIC -Wall -fexceptions -DANDROID -I/home/gia82/.buildozer/android/platform/android-ndk-r28c/toolchains/llvm/prebuilt/linux-x86_64/sysroot/usr/include -I/home/gia82/adware_killer/.buildozer/android/platform/build-arm64-v8a_armeabi-v7a/build/other_builds/python3/arm64-v8a__ndk_target_24/python3/android-build/android-root/include/python3.14 conftest.c >&5
configure:20851: $? = 0
configure:20868: result: 8
configure:20880: checking size of long double
configure:20886: /home/gia82/.buildozer/android/platform/android-ndk-r28c/toolchains/llvm/prebuilt/linux-x86_64/bin/clang -target aarch64-linux-android24 -fomit-frame-pointer -march=armv8-a -fPIC -c -target aarch64-linux-android24 -fomit-frame-pointer -march=armv8-a -fPIC -Wall -fexceptions -DANDROID -I/home/gia82/.buildozer/android/platform/android-ndk-r28c/toolchains/llvm/prebuilt/linux-x86_64/sysroot/usr/include -I/home/gia82/adware_killer/.buildozer/android/platform/build-arm64-v8a_armeabi-v7a/build/other_builds/python3/arm64-v8a__ndk_target_24/python3/android-build/android-root/include/python3.14 conftest.c >&5
configure:20886: $? = 0
configure:20886: /home/gia82/.buildozer/android/platform/android-ndk-r28c/toolchains/llvm/prebuilt/linux-x86_64/bin/clang -target aarch64-linux-android24 -fomit-frame-pointer -march=armv8-a -fPIC -c -target aarch64-linux-android24 -fomit-frame-pointer -march=armv8-a -fPIC -Wall -fexceptions -DANDROID -I/home/gia82/.buildozer/android/platform/android-ndk-r28c/toolchains/llvm/prebuilt/linux-x86_64/sysroot/usr/include -I/home/gia82/adware_killer/.buildozer/android/platform/build-arm64-v8a_armeabi-v7a/build/other_builds/python3/arm64-v8a__ndk_target_24/python3/android-build/android-root/include/python3.14 conftest.c >&5
conftest.c:66:24: error: 'test_array' declared as an array with a negative size
   66 | static int test_array [1 - 2 * !(((long int) (sizeof (long double))) <= 0)];
      |                        ^~~~~~~~~~~~~~~~~~~~~~~~~~~~~~~~~~~~~~~~~~~~~~~~~~~
1 error generated.
configure:20886: $? = 1
configure: failed program was:
| /* confdefs.h */
| #define PACKAGE_NAME "libffi"
| #define PACKAGE_TARNAME "libffi"
| #define PACKAGE_VERSION "3.4.2"
| #define PACKAGE_STRING "libffi 3.4.2"
| #define PACKAGE_BUGREPORT "http://github.com/libffi/libffi/issues"
| #define PACKAGE_URL ""
| #define PACKAGE "libffi"
| #define VERSION "3.4.2"
| #define HAVE_STDIO_H 1
| #define HAVE_STDLIB_H 1
| #define HAVE_STRING_H 1
| #define HAVE_INTTYPES_H 1
| #define HAVE_STDINT_H 1
| #define HAVE_STRINGS_H 1
| #define HAVE_SYS_STAT_H 1
| #define HAVE_SYS_TYPES_H 1
| #define HAVE_UNISTD_H 1
| #define STDC_HEADERS 1
| #define HAVE_DLFCN_H 1
| #define LT_OBJDIR ".libs/"
| #define SIZEOF_SIZE_T 8
| #define HAVE_SYS_MMAN_H 1
| #define HAVE_MMAP 1
| #define HAVE_MKOSTEMP 1
| #define HAVE_MKSTEMP 1
| #define HAVE_MMAP_FILE 1
| #define HAVE_MMAP_DEV_ZERO 1
| #define HAVE_MMAP_ANON 1
| #define HAVE_MEMCPY 1
| #define HAVE_ALLOCA_H 1
| #define HAVE_ALLOCA 1
| #define SIZEOF_DOUBLE 8
| /* end confdefs.h.  */
| #include <stddef.h>
| #ifdef HAVE_STDIO_H
| # include <stdio.h>
| #endif
| #ifdef HAVE_STDLIB_H
| # include <stdlib.h>
| #endif
| #ifdef HAVE_STRING_H
| # include <string.h>
| #endif
| #ifdef HAVE_INTTYPES_H
| # include <inttypes.h>
| #endif
| #ifdef HAVE_STDINT_H
| # include <stdint.h>
| #endif
| #ifdef HAVE_STRINGS_H
| # include <strings.h>
| #endif
| #ifdef HAVE_SYS_TYPES_H
| # include <sys/types.h>
| #endif
| #ifdef HAVE_SYS_STAT_H
| # include <sys/stat.h>
| #endif
| #ifdef HAVE_UNISTD_H
| # include <unistd.h>
| #endif
| int
| main (void)
| {
| static int test_array [1 - 2 * !(((long int) (sizeof (long double))) <= 0)];
| test_array [0] = 0;
| return test_array [0];
| 
|   ;
|   return 0;
| }
configure:20886: /home/gia82/.buildozer/android/platform/android-ndk-r28c/toolchains/llvm/prebuilt/linux-x86_64/bin/clang -target aarch64-linux-android24 -fomit-frame-pointer -march=armv8-a -fPIC -c -target aarch64-linux-android24 -fomit-frame-pointer -march=armv8-a -fPIC -Wall -fexceptions -DANDROID -I/home/gia82/.buildozer/android/platform/android-ndk-r28c/toolchains/llvm/prebuilt/linux-x86_64/sysroot/usr/include -I/home/gia82/adware_killer/.buildozer/android/platform/build-arm64-v8a_armeabi-v7a/build/other_builds/python3/arm64-v8a__ndk_target_24/python3/android-build/android-root/include/python3.14 conftest.c >&5
conftest.c:66:24: error: 'test_array' declared as an array with a negative size
   66 | static int test_array [1 - 2 * !(((long int) (sizeof (long double))) <= 1)];
      |                        ^~~~~~~~~~~~~~~~~~~~~~~~~~~~~~~~~~~~~~~~~~~~~~~~~~~
1 error generated.
configure:20886: $? = 1
configure: failed program was:
| /* confdefs.h */
| #define PACKAGE_NAME "libffi"
| #define PACKAGE_TARNAME "libffi"
| #define PACKAGE_VERSION "3.4.2"
| #define PACKAGE_STRING "libffi 3.4.2"
| #define PACKAGE_BUGREPORT "http://github.com/libffi/libffi/issues"
| #define PACKAGE_URL ""
| #define PACKAGE "libffi"
| #define VERSION "3.4.2"
| #define HAVE_STDIO_H 1
| #define HAVE_STDLIB_H 1
| #define HAVE_STRING_H 1
| #define HAVE_INTTYPES_H 1
| #define HAVE_STDINT_H 1
| #define HAVE_STRINGS_H 1
| #define HAVE_SYS_STAT_H 1
| #define HAVE_SYS_TYPES_H 1
| #define HAVE_UNISTD_H 1
| #define STDC_HEADERS 1
| #define HAVE_DLFCN_H 1
| #define LT_OBJDIR ".libs/"
| #define SIZEOF_SIZE_T 8
| #define HAVE_SYS_MMAN_H 1
| #define HAVE_MMAP 1
| #define HAVE_MKOSTEMP 1
| #define HAVE_MKSTEMP 1
| #define HAVE_MMAP_FILE 1
| #define HAVE_MMAP_DEV_ZERO 1
| #define HAVE_MMAP_ANON 1
| #define HAVE_MEMCPY 1
| #define HAVE_ALLOCA_H 1
| #define HAVE_ALLOCA 1
| #define SIZEOF_DOUBLE 8
| /* end confdefs.h.  */
| #include <stddef.h>
| #ifdef HAVE_STDIO_H
| # include <stdio.h>
| #endif
| #ifdef HAVE_STDLIB_H
| # include <stdlib.h>
| #endif
| #ifdef HAVE_STRING_H
| # include <string.h>
| #endif
| #ifdef HAVE_INTTYPES_H
| # include <inttypes.h>
| #endif
| #ifdef HAVE_STDINT_H
| # include <stdint.h>
| #endif
| #ifdef HAVE_STRINGS_H
| # include <strings.h>
| #endif
| #ifdef HAVE_SYS_TYPES_H
| # include <sys/types.h>
| #endif
| #ifdef HAVE_SYS_STAT_H
| # include <sys/stat.h>
| #endif
| #ifdef HAVE_UNISTD_H
| # include <unistd.h>
| #endif
| int
| main (void)
| {
| static int test_array [1 - 2 * !(((long int) (sizeof (long double))) <= 1)];
| test_array [0] = 0;
| return test_array [0];
| 
|   ;
|   return 0;
| }
configure:20886: /home/gia82/.buildozer/android/platform/android-ndk-r28c/toolchains/llvm/prebuilt/linux-x86_64/bin/clang -target aarch64-linux-android24 -fomit-frame-pointer -march=armv8-a -fPIC -c -target aarch64-linux-android24 -fomit-frame-pointer -march=armv8-a -fPIC -Wall -fexceptions -DANDROID -I/home/gia82/.buildozer/android/platform/android-ndk-r28c/toolchains/llvm/prebuilt/linux-x86_64/sysroot/usr/include -I/home/gia82/adware_killer/.buildozer/android/platform/build-arm64-v8a_armeabi-v7a/build/other_builds/python3/arm64-v8a__ndk_target_24/python3/android-build/android-root/include/python3.14 conftest.c >&5
conftest.c:66:24: error: 'test_array' declared as an array with a negative size
   66 | static int test_array [1 - 2 * !(((long int) (sizeof (long double))) <= 3)];
      |                        ^~~~~~~~~~~~~~~~~~~~~~~~~~~~~~~~~~~~~~~~~~~~~~~~~~~
1 error generated.
configure:20886: $? = 1
configure: failed program was:
| /* confdefs.h */
| #define PACKAGE_NAME "libffi"
| #define PACKAGE_TARNAME "libffi"
| #define PACKAGE_VERSION "3.4.2"
| #define PACKAGE_STRING "libffi 3.4.2"
| #define PACKAGE_BUGREPORT "http://github.com/libffi/libffi/issues"
| #define PACKAGE_URL ""
| #define PACKAGE "libffi"
| #define VERSION "3.4.2"
| #define HAVE_STDIO_H 1
| #define HAVE_STDLIB_H 1
| #define HAVE_STRING_H 1
| #define HAVE_INTTYPES_H 1
| #define HAVE_STDINT_H 1
| #define HAVE_STRINGS_H 1
| #define HAVE_SYS_STAT_H 1
| #define HAVE_SYS_TYPES_H 1
| #define HAVE_UNISTD_H 1
| #define STDC_HEADERS 1
| #define HAVE_DLFCN_H 1
| #define LT_OBJDIR ".libs/"
| #define SIZEOF_SIZE_T 8
| #define HAVE_SYS_MMAN_H 1
| #define HAVE_MMAP 1
| #define HAVE_MKOSTEMP 1
| #define HAVE_MKSTEMP 1
| #define HAVE_MMAP_FILE 1
| #define HAVE_MMAP_DEV_ZERO 1
| #define HAVE_MMAP_ANON 1
| #define HAVE_MEMCPY 1
| #define HAVE_ALLOCA_H 1
| #define HAVE_ALLOCA 1
| #define SIZEOF_DOUBLE 8
| /* end confdefs.h.  */
| #include <stddef.h>
| #ifdef HAVE_STDIO_H
| # include <stdio.h>
| #endif
| #ifdef HAVE_STDLIB_H
| # include <stdlib.h>
| #endif
| #ifdef HAVE_STRING_H
| # include <string.h>
| #endif
| #ifdef HAVE_INTTYPES_H
| # include <inttypes.h>
| #endif
| #ifdef HAVE_STDINT_H
| # include <stdint.h>
| #endif
| #ifdef HAVE_STRINGS_H
| # include <strings.h>
| #endif
| #ifdef HAVE_SYS_TYPES_H
| # include <sys/types.h>
| #endif
| #ifdef HAVE_SYS_STAT_H
| # include <sys/stat.h>
| #endif
| #ifdef HAVE_UNISTD_H
| # include <unistd.h>
| #endif
| int
| main (void)
| {
| static int test_array [1 - 2 * !(((long int) (sizeof (long double))) <= 3)];
| test_array [0] = 0;
| return test_array [0];
| 
|   ;
|   return 0;
| }
configure:20886: /home/gia82/.buildozer/android/platform/android-ndk-r28c/toolchains/llvm/prebuilt/linux-x86_64/bin/clang -target aarch64-linux-android24 -fomit-frame-pointer -march=armv8-a -fPIC -c -target aarch64-linux-android24 -fomit-frame-pointer -march=armv8-a -fPIC -Wall -fexceptions -DANDROID -I/home/gia82/.buildozer/android/platform/android-ndk-r28c/toolchains/llvm/prebuilt/linux-x86_64/sysroot/usr/include -I/home/gia82/adware_killer/.buildozer/android/platform/build-arm64-v8a_armeabi-v7a/build/other_builds/python3/arm64-v8a__ndk_target_24/python3/android-build/android-root/include/python3.14 conftest.c >&5
conftest.c:66:24: error: 'test_array' declared as an array with a negative size
   66 | static int test_array [1 - 2 * !(((long int) (sizeof (long double))) <= 7)];
      |                        ^~~~~~~~~~~~~~~~~~~~~~~~~~~~~~~~~~~~~~~~~~~~~~~~~~~
1 error generated.
configure:20886: $? = 1
configure: failed program was:
| /* confdefs.h */
| #define PACKAGE_NAME "libffi"
| #define PACKAGE_TARNAME "libffi"
| #define PACKAGE_VERSION "3.4.2"
| #define PACKAGE_STRING "libffi 3.4.2"
| #define PACKAGE_BUGREPORT "http://github.com/libffi/libffi/issues"
| #define PACKAGE_URL ""
| #define PACKAGE "libffi"
| #define VERSION "3.4.2"
| #define HAVE_STDIO_H 1
| #define HAVE_STDLIB_H 1
| #define HAVE_STRING_H 1
| #define HAVE_INTTYPES_H 1
| #define HAVE_STDINT_H 1
| #define HAVE_STRINGS_H 1
| #define HAVE_SYS_STAT_H 1
| #define HAVE_SYS_TYPES_H 1
| #define HAVE_UNISTD_H 1
| #define STDC_HEADERS 1
| #define HAVE_DLFCN_H 1
| #define LT_OBJDIR ".libs/"
| #define SIZEOF_SIZE_T 8
| #define HAVE_SYS_MMAN_H 1
| #define HAVE_MMAP 1
| #define HAVE_MKOSTEMP 1
| #define HAVE_MKSTEMP 1
| #define HAVE_MMAP_FILE 1
| #define HAVE_MMAP_DEV_ZERO 1
| #define HAVE_MMAP_ANON 1
| #define HAVE_MEMCPY 1
| #define HAVE_ALLOCA_H 1
| #define HAVE_ALLOCA 1
| #define SIZEOF_DOUBLE 8
| /* end confdefs.h.  */
| #include <stddef.h>
| #ifdef HAVE_STDIO_H
| # include <stdio.h>
| #endif
| #ifdef HAVE_STDLIB_H
| # include <stdlib.h>
| #endif
| #ifdef HAVE_STRING_H
| # include <string.h>
| #endif
| #ifdef HAVE_INTTYPES_H
| # include <inttypes.h>
| #endif
| #ifdef HAVE_STDINT_H
| # include <stdint.h>
| #endif
| #ifdef HAVE_STRINGS_H
| # include <strings.h>
| #endif
| #ifdef HAVE_SYS_TYPES_H
| # include <sys/types.h>
| #endif
| #ifdef HAVE_SYS_STAT_H
| # include <sys/stat.h>
| #endif
| #ifdef HAVE_UNISTD_H
| # include <unistd.h>
| #endif
| int
| main (void)
| {
| static int test_array [1 - 2 * !(((long int) (sizeof (long double))) <= 7)];
| test_array [0] = 0;
| return test_array [0];
| 
|   ;
|   return 0;
| }
configure:20886: /home/gia82/.buildozer/android/platform/android-ndk-r28c/toolchains/llvm/prebuilt/linux-x86_64/bin/clang -target aarch64-linux-android24 -fomit-frame-pointer -march=armv8-a -fPIC -c -target aarch64-linux-android24 -fomit-frame-pointer -march=armv8-a -fPIC -Wall -fexceptions -DANDROID -I/home/gia82/.buildozer/android/platform/android-ndk-r28c/toolchains/llvm/prebuilt/linux-x86_64/sysroot/usr/include -I/home/gia82/adware_killer/.buildozer/android/platform/build-arm64-v8a_armeabi-v7a/build/other_builds/python3/arm64-v8a__ndk_target_24/python3/android-build/android-root/include/python3.14 conftest.c >&5
conftest.c:66:24: error: 'test_array' declared as an array with a negative size
   66 | static int test_array [1 - 2 * !(((long int) (sizeof (long double))) <= 15)];
      |                        ^~~~~~~~~~~~~~~~~~~~~~~~~~~~~~~~~~~~~~~~~~~~~~~~~~~~
1 error generated.
configure:20886: $? = 1
configure: failed program was:
| /* confdefs.h */
| #define PACKAGE_NAME "libffi"
| #define PACKAGE_TARNAME "libffi"
| #define PACKAGE_VERSION "3.4.2"
| #define PACKAGE_STRING "libffi 3.4.2"
| #define PACKAGE_BUGREPORT "http://github.com/libffi/libffi/issues"
| #define PACKAGE_URL ""
| #define PACKAGE "libffi"
| #define VERSION "3.4.2"
| #define HAVE_STDIO_H 1
| #define HAVE_STDLIB_H 1
| #define HAVE_STRING_H 1
| #define HAVE_INTTYPES_H 1
| #define HAVE_STDINT_H 1
| #define HAVE_STRINGS_H 1
| #define HAVE_SYS_STAT_H 1
| #define HAVE_SYS_TYPES_H 1
| #define HAVE_UNISTD_H 1
| #define STDC_HEADERS 1
| #define HAVE_DLFCN_H 1
| #define LT_OBJDIR ".libs/"
| #define SIZEOF_SIZE_T 8
| #define HAVE_SYS_MMAN_H 1
| #define HAVE_MMAP 1
| #define HAVE_MKOSTEMP 1
| #define HAVE_MKSTEMP 1
| #define HAVE_MMAP_FILE 1
| #define HAVE_MMAP_DEV_ZERO 1
| #define HAVE_MMAP_ANON 1
| #define HAVE_MEMCPY 1
| #define HAVE_ALLOCA_H 1
| #define HAVE_ALLOCA 1
| #define SIZEOF_DOUBLE 8
| /* end confdefs.h.  */
| #include <stddef.h>
| #ifdef HAVE_STDIO_H
| # include <stdio.h>
| #endif
| #ifdef HAVE_STDLIB_H
| # include <stdlib.h>
| #endif
| #ifdef HAVE_STRING_H
| # include <string.h>
| #endif
| #ifdef HAVE_INTTYPES_H
| # include <inttypes.h>
| #endif
| #ifdef HAVE_STDINT_H
| # include <stdint.h>
| #endif
| #ifdef HAVE_STRINGS_H
| # include <strings.h>
| #endif
| #ifdef HAVE_SYS_TYPES_H
| # include <sys/types.h>
| #endif
| #ifdef HAVE_SYS_STAT_H
| # include <sys/stat.h>
| #endif
| #ifdef HAVE_UNISTD_H
| # include <unistd.h>
| #endif
| int
| main (void)
| {
| static int test_array [1 - 2 * !(((long int) (sizeof (long double))) <= 15)];
| test_array [0] = 0;
| return test_array [0];
| 
|   ;
|   return 0;
| }
configure:20886: /home/gia82/.buildozer/android/platform/android-ndk-r28c/toolchains/llvm/prebuilt/linux-x86_64/bin/clang -target aarch64-linux-android24 -fomit-frame-pointer -march=armv8-a -fPIC -c -target aarch64-linux-android24 -fomit-frame-pointer -march=armv8-a -fPIC -Wall -fexceptions -DANDROID -I/home/gia82/.buildozer/android/platform/android-ndk-r28c/toolchains/llvm/prebuilt/linux-x86_64/sysroot/usr/include -I/home/gia82/adware_killer/.buildozer/android/platform/build-arm64-v8a_armeabi-v7a/build/other_builds/python3/arm64-v8a__ndk_target_24/python3/android-build/android-root/include/python3.14 conftest.c >&5
configure:20886: $? = 0
configure:20886: /home/gia82/.buildozer/android/platform/android-ndk-r28c/toolchains/llvm/prebuilt/linux-x86_64/bin/clang -target aarch64-linux-android24 -fomit-frame-pointer -march=armv8-a -fPIC -c -target aarch64-linux-android24 -fomit-frame-pointer -march=armv8-a -fPIC -Wall -fexceptions -DANDROID -I/home/gia82/.buildozer/android/platform/android-ndk-r28c/toolchains/llvm/prebuilt/linux-x86_64/sysroot/usr/include -I/home/gia82/adware_killer/.buildozer/android/platform/build-arm64-v8a_armeabi-v7a/build/other_builds/python3/arm64-v8a__ndk_target_24/python3/android-build/android-root/include/python3.14 conftest.c >&5
configure:20886: $? = 0
configure:20886: /home/gia82/.buildozer/android/platform/android-ndk-r28c/toolchains/llvm/prebuilt/linux-x86_64/bin/clang -target aarch64-linux-android24 -fomit-frame-pointer -march=armv8-a -fPIC -c -target aarch64-linux-android24 -fomit-frame-pointer -march=armv8-a -fPIC -Wall -fexceptions -DANDROID -I/home/gia82/.buildozer/android/platform/android-ndk-r28c/toolchains/llvm/prebuilt/linux-x86_64/sysroot/usr/include -I/home/gia82/adware_killer/.buildozer/android/platform/build-arm64-v8a_armeabi-v7a/build/other_builds/python3/arm64-v8a__ndk_target_24/python3/android-build/android-root/include/python3.14 conftest.c >&5
configure:20886: $? = 0
configure:20886: /home/gia82/.buildozer/android/platform/android-ndk-r28c/toolchains/llvm/prebuilt/linux-x86_64/bin/clang -target aarch64-linux-android24 -fomit-frame-pointer -march=armv8-a -fPIC -c -target aarch64-linux-android24 -fomit-frame-pointer -march=armv8-a -fPIC -Wall -fexceptions -DANDROID -I/home/gia82/.buildozer/android/platform/android-ndk-r28c/toolchains/llvm/prebuilt/linux-x86_64/sysroot/usr/include -I/home/gia82/adware_killer/.buildozer/android/platform/build-arm64-v8a_armeabi-v7a/build/other_builds/python3/arm64-v8a__ndk_target_24/python3/android-build/android-root/include/python3.14 conftest.c >&5
configure:20886: $? = 0
configure:20886: /home/gia82/.buildozer/android/platform/android-ndk-r28c/toolchains/llvm/prebuilt/linux-x86_64/bin/clang -target aarch64-linux-android24 -fomit-frame-pointer -march=armv8-a -fPIC -c -target aarch64-linux-android24 -fomit-frame-pointer -march=armv8-a -fPIC -Wall -fexceptions -DANDROID -I/home/gia82/.buildozer/android/platform/android-ndk-r28c/toolchains/llvm/prebuilt/linux-x86_64/sysroot/usr/include -I/home/gia82/adware_killer/.buildozer/android/platform/build-arm64-v8a_armeabi-v7a/build/other_builds/python3/arm64-v8a__ndk_target_24/python3/android-build/android-root/include/python3.14 conftest.c >&5
configure:20886: $? = 0
configure:20903: result: 16
configure:20934: checking whether byte ordering is bigendian
configure:20950: /home/gia82/.buildozer/android/platform/android-ndk-r28c/toolchains/llvm/prebuilt/linux-x86_64/bin/clang -target aarch64-linux-android24 -fomit-frame-pointer -march=armv8-a -fPIC -c -target aarch64-linux-android24 -fomit-frame-pointer -march=armv8-a -fPIC -Wall -fexceptions -DANDROID -I/home/gia82/.buildozer/android/platform/android-ndk-r28c/toolchains/llvm/prebuilt/linux-x86_64/sysroot/usr/include -I/home/gia82/adware_killer/.buildozer/android/platform/build-arm64-v8a_armeabi-v7a/build/other_builds/python3/arm64-v8a__ndk_target_24/python3/android-build/android-root/include/python3.14 conftest.c >&5
conftest.c:38:9: error: unknown type name 'not'
   38 |                not a universal capable compiler
      |                ^
conftest.c:38:14: error: expected ';' after top level declarator
   38 |                not a universal capable compiler
      |                     ^
      |                     ;
2 errors generated.
configure:20950: $? = 1
configure: failed program was:
| /* confdefs.h */
| #define PACKAGE_NAME "libffi"
| #define PACKAGE_TARNAME "libffi"
| #define PACKAGE_VERSION "3.4.2"
| #define PACKAGE_STRING "libffi 3.4.2"
| #define PACKAGE_BUGREPORT "http://github.com/libffi/libffi/issues"
| #define PACKAGE_URL ""
| #define PACKAGE "libffi"
| #define VERSION "3.4.2"
| #define HAVE_STDIO_H 1
| #define HAVE_STDLIB_H 1
| #define HAVE_STRING_H 1
| #define HAVE_INTTYPES_H 1
| #define HAVE_STDINT_H 1
| #define HAVE_STRINGS_H 1
| #define HAVE_SYS_STAT_H 1
| #define HAVE_SYS_TYPES_H 1
| #define HAVE_UNISTD_H 1
| #define STDC_HEADERS 1
| #define HAVE_DLFCN_H 1
| #define LT_OBJDIR ".libs/"
| #define SIZEOF_SIZE_T 8
| #define HAVE_SYS_MMAN_H 1
| #define HAVE_MMAP 1
| #define HAVE_MKOSTEMP 1
| #define HAVE_MKSTEMP 1
| #define HAVE_MMAP_FILE 1
| #define HAVE_MMAP_DEV_ZERO 1
| #define HAVE_MMAP_ANON 1
| #define HAVE_MEMCPY 1
| #define HAVE_ALLOCA_H 1
| #define HAVE_ALLOCA 1
| #define SIZEOF_DOUBLE 8
| #define SIZEOF_LONG_DOUBLE 16
| #define HAVE_LONG_DOUBLE 1
| /* end confdefs.h.  */
| #ifndef __APPLE_CC__
| 	       not a universal capable compiler
| 	     #endif
| 	     typedef int dummy;
| 
configure:20996: /home/gia82/.buildozer/android/platform/android-ndk-r28c/toolchains/llvm/prebuilt/linux-x86_64/bin/clang -target aarch64-linux-android24 -fomit-frame-pointer -march=armv8-a -fPIC -c -target aarch64-linux-android24 -fomit-frame-pointer -march=armv8-a -fPIC -Wall -fexceptions -DANDROID -I/home/gia82/.buildozer/android/platform/android-ndk-r28c/toolchains/llvm/prebuilt/linux-x86_64/sysroot/usr/include -I/home/gia82/adware_killer/.buildozer/android/platform/build-arm64-v8a_armeabi-v7a/build/other_builds/python3/arm64-v8a__ndk_target_24/python3/android-build/android-root/include/python3.14 conftest.c >&5
configure:20996: $? = 0
configure:21015: /home/gia82/.buildozer/android/platform/android-ndk-r28c/toolchains/llvm/prebuilt/linux-x86_64/bin/clang -target aarch64-linux-android24 -fomit-frame-pointer -march=armv8-a -fPIC -c -target aarch64-linux-android24 -fomit-frame-pointer -march=armv8-a -fPIC -Wall -fexceptions -DANDROID -I/home/gia82/.buildozer/android/platform/android-ndk-r28c/toolchains/llvm/prebuilt/linux-x86_64/sysroot/usr/include -I/home/gia82/adware_killer/.buildozer/android/platform/build-arm64-v8a_armeabi-v7a/build/other_builds/python3/arm64-v8a__ndk_target_24/python3/android-build/android-root/include/python3.14 conftest.c >&5
conftest.c:44:4: error: use of undeclared identifier 'not'
   44 |                  not big endian
      |                  ^
1 error generated.
configure:21015: $? = 1
configure: failed program was:
| /* confdefs.h */
| #define PACKAGE_NAME "libffi"
| #define PACKAGE_TARNAME "libffi"
| #define PACKAGE_VERSION "3.4.2"
| #define PACKAGE_STRING "libffi 3.4.2"
| #define PACKAGE_BUGREPORT "http://github.com/libffi/libffi/issues"
| #define PACKAGE_URL ""
| #define PACKAGE "libffi"
| #define VERSION "3.4.2"
| #define HAVE_STDIO_H 1
| #define HAVE_STDLIB_H 1
| #define HAVE_STRING_H 1
| #define HAVE_INTTYPES_H 1
| #define HAVE_STDINT_H 1
| #define HAVE_STRINGS_H 1
| #define HAVE_SYS_STAT_H 1
| #define HAVE_SYS_TYPES_H 1
| #define HAVE_UNISTD_H 1
| #define STDC_HEADERS 1
| #define HAVE_DLFCN_H 1
| #define LT_OBJDIR ".libs/"
| #define SIZEOF_SIZE_T 8
| #define HAVE_SYS_MMAN_H 1
| #define HAVE_MMAP 1
| #define HAVE_MKOSTEMP 1
| #define HAVE_MKSTEMP 1
| #define HAVE_MMAP_FILE 1
| #define HAVE_MMAP_DEV_ZERO 1
| #define HAVE_MMAP_ANON 1
| #define HAVE_MEMCPY 1
| #define HAVE_ALLOCA_H 1
| #define HAVE_ALLOCA 1
| #define SIZEOF_DOUBLE 8
| #define SIZEOF_LONG_DOUBLE 16
| #define HAVE_LONG_DOUBLE 1
| /* end confdefs.h.  */
| #include <sys/types.h>
| 		#include <sys/param.h>
| 
| int
| main (void)
| {
| #if BYTE_ORDER != BIG_ENDIAN
| 		 not big endian
| 		#endif
| 
|   ;
|   return 0;
| }
configure:21156: result: no
configure:21175: checking assembler .cfi pseudo-op support
configure:21194: /home/gia82/.buildozer/android/platform/android-ndk-r28c/toolchains/llvm/prebuilt/linux-x86_64/bin/clang -target aarch64-linux-android24 -fomit-frame-pointer -march=armv8-a -fPIC -c -target aarch64-linux-android24 -fomit-frame-pointer -march=armv8-a -fPIC -Wall -fexceptions -DANDROID -I/home/gia82/.buildozer/android/platform/android-ndk-r28c/toolchains/llvm/prebuilt/linux-x86_64/sysroot/usr/include -I/home/gia82/adware_killer/.buildozer/android/platform/build-arm64-v8a_armeabi-v7a/build/other_builds/python3/arm64-v8a__ndk_target_24/python3/android-build/android-root/include/python3.14 conftest.c >&5
configure:21194: $? = 0
configure:21205: result: yes
configure:21352: checking whether compiler supports pointer authentication
configure:21381: /home/gia82/.buildozer/android/platform/android-ndk-r28c/toolchains/llvm/prebuilt/linux-x86_64/bin/clang -target aarch64-linux-android24 -fomit-frame-pointer -march=armv8-a -fPIC -c -target aarch64-linux-android24 -fomit-frame-pointer -march=armv8-a -fPIC -Wall -fexceptions -DANDROID -I/home/gia82/.buildozer/android/platform/android-ndk-r28c/toolchains/llvm/prebuilt/linux-x86_64/sysroot/usr/include -I/home/gia82/adware_killer/.buildozer/android/platform/build-arm64-v8a_armeabi-v7a/build/other_builds/python3/arm64-v8a__ndk_target_24/python3/android-build/android-root/include/python3.14 conftest.c >&5
conftest.c:50:3: error: Pointer authentication not supported
   50 | # error Pointer authentication not supported
      |   ^
1 error generated.
configure:21381: $? = 1
configure: failed program was:
| /* confdefs.h */
| #define PACKAGE_NAME "libffi"
| #define PACKAGE_TARNAME "libffi"
| #define PACKAGE_VERSION "3.4.2"
| #define PACKAGE_STRING "libffi 3.4.2"
| #define PACKAGE_BUGREPORT "http://github.com/libffi/libffi/issues"
| #define PACKAGE_URL ""
| #define PACKAGE "libffi"
| #define VERSION "3.4.2"
| #define HAVE_STDIO_H 1
| #define HAVE_STDLIB_H 1
| #define HAVE_STRING_H 1
| #define HAVE_INTTYPES_H 1
| #define HAVE_STDINT_H 1
| #define HAVE_STRINGS_H 1
| #define HAVE_SYS_STAT_H 1
| #define HAVE_SYS_TYPES_H 1
| #define HAVE_UNISTD_H 1
| #define STDC_HEADERS 1
| #define HAVE_DLFCN_H 1
| #define LT_OBJDIR ".libs/"
| #define SIZEOF_SIZE_T 8
| #define HAVE_SYS_MMAN_H 1
| #define HAVE_MMAP 1
| #define HAVE_MKOSTEMP 1
| #define HAVE_MKSTEMP 1
| #define HAVE_MMAP_FILE 1
| #define HAVE_MMAP_DEV_ZERO 1
| #define HAVE_MMAP_ANON 1
| #define HAVE_MEMCPY 1
| #define HAVE_ALLOCA_H 1
| #define HAVE_ALLOCA 1
| #define SIZEOF_DOUBLE 8
| #define SIZEOF_LONG_DOUBLE 16
| #define HAVE_LONG_DOUBLE 1
| #define HAVE_AS_CFI_PSEUDO_OP 1
| /* end confdefs.h.  */
| 
| int
| main (void)
| {
| 
| #ifdef __clang__
| # if __has_feature(ptrauth_calls)
| #  define HAVE_PTRAUTH 1
| # endif
| #endif
| 
| #ifndef HAVE_PTRAUTH
| # error Pointer authentication not supported
| #endif
| 
|   ;
|   return 0;
| }
configure:21392: result: no
configure:21412: checking for _ prefix in compiled symbols
configure:21423: /home/gia82/.buildozer/android/platform/android-ndk-r28c/toolchains/llvm/prebuilt/linux-x86_64/bin/clang -target aarch64-linux-android24 -fomit-frame-pointer -march=armv8-a -fPIC -c -target aarch64-linux-android24 -fomit-frame-pointer -march=armv8-a -fPIC -Wall -fexceptions -DANDROID -I/home/gia82/.buildozer/android/platform/android-ndk-r28c/toolchains/llvm/prebuilt/linux-x86_64/sysroot/usr/include -I/home/gia82/adware_killer/.buildozer/android/platform/build-arm64-v8a_armeabi-v7a/build/other_builds/python3/arm64-v8a__ndk_target_24/python3/android-build/android-root/include/python3.14 conftest.c >&5
conftest.c:2:16: warning: expression result unused [-Wunused-value]
    2 | int main(void){nm_test_func;return 0;}
      |                ^~~~~~~~~~~~
1 warning generated.
configure:21426: $? = 0
configure:21430: nm conftest.o \| /usr/bin/sed -n -e 's/^.*[	 ]\([ABCDGIRSTW][ABCDGIRSTW]*\)[	 ][	 ]*\([_A-Za-z][_A-Za-z0-9]*\)$/\1 \2 \2/p' | /usr/bin/sed '/ __gnu_lto/d' \> conftest.nm
configure:21433: $? = 0
configure:21456: result: no
configure:21533: checking whether C compiler accepts -fno-lto
configure:21553: /home/gia82/.buildozer/android/platform/android-ndk-r28c/toolchains/llvm/prebuilt/linux-x86_64/bin/clang -target aarch64-linux-android24 -fomit-frame-pointer -march=armv8-a -fPIC -c -target aarch64-linux-android24 -fomit-frame-pointer -march=armv8-a -fPIC -Wall -fexceptions  -fno-lto -DANDROID -I/home/gia82/.buildozer/android/platform/android-ndk-r28c/toolchains/llvm/prebuilt/linux-x86_64/sysroot/usr/include -I/home/gia82/adware_killer/.buildozer/android/platform/build-arm64-v8a_armeabi-v7a/build/other_builds/python3/arm64-v8a__ndk_target_24/python3/android-build/android-root/include/python3.14 conftest.c >&5
configure:21553: $? = 0
configure:21564: result: yes
configure:21575: checking whether .eh_frame section should be read-only
configure:21593: result: yes
configure:21608: checking for __attribute__((visibility("hidden")))
configure:21618: /home/gia82/.buildozer/android/platform/android-ndk-r28c/toolchains/llvm/prebuilt/linux-x86_64/bin/clang -target aarch64-linux-android24 -fomit-frame-pointer -march=armv8-a -fPIC -Werror -S conftest.c -o conftest.s 1>&5
configure:21621: $? = 0
configure:21631: result: yes
configure:21798: checking for ld used by /home/gia82/.buildozer/android/platform/android-ndk-r28c/toolchains/llvm/prebuilt/linux-x86_64/bin/clang -target aarch64-linux-android24 -fomit-frame-pointer -march=armv8-a -fPIC
configure:21867: result: /home/gia82/.buildozer/android/platform/android-ndk-r28c/toolchains/llvm/prebuilt/linux-x86_64/bin/ld
configure:21874: checking if the linker (/home/gia82/.buildozer/android/platform/android-ndk-r28c/toolchains/llvm/prebuilt/linux-x86_64/bin/ld) is GNU ld
configure:21891: result: yes
configure:22071: checking for shared libgcc
configure:22086: /home/gia82/.buildozer/android/platform/android-ndk-r28c/toolchains/llvm/prebuilt/linux-x86_64/bin/clang -target aarch64-linux-android24 -fomit-frame-pointer -march=armv8-a -fPIC -o conftest  -lgcc_s -DANDROID -I/home/gia82/.buildozer/android/platform/android-ndk-r28c/toolchains/llvm/prebuilt/linux-x86_64/sysroot/usr/include -I/home/gia82/adware_killer/.buildozer/android/platform/build-arm64-v8a_armeabi-v7a/build/other_builds/python3/arm64-v8a__ndk_target_24/python3/android-build/android-root/include/python3.14   -L/home/gia82/adware_killer/.buildozer/android/platform/build-arm64-v8a_armeabi-v7a/build/libs_collections/adwarekiller/arm64-v8a conftest.c  >&5
ld.lld: error: unable to find library -lgcc_s
clang: error: linker command failed with exit code 1 (use -v to see invocation)
configure:22086: $? = 1
configure: failed program was:
| /* confdefs.h */
| #define PACKAGE_NAME "libffi"
| #define PACKAGE_TARNAME "libffi"
| #define PACKAGE_VERSION "3.4.2"
| #define PACKAGE_STRING "libffi 3.4.2"
| #define PACKAGE_BUGREPORT "http://github.com/libffi/libffi/issues"
| #define PACKAGE_URL ""
| #define PACKAGE "libffi"
| #define VERSION "3.4.2"
| #define HAVE_STDIO_H 1
| #define HAVE_STDLIB_H 1
| #define HAVE_STRING_H 1
| #define HAVE_INTTYPES_H 1
| #define HAVE_STDINT_H 1
| #define HAVE_STRINGS_H 1
| #define HAVE_SYS_STAT_H 1
| #define HAVE_SYS_TYPES_H 1
| #define HAVE_UNISTD_H 1
| #define STDC_HEADERS 1
| #define HAVE_DLFCN_H 1
| #define LT_OBJDIR ".libs/"
| #define SIZEOF_SIZE_T 8
| #define HAVE_SYS_MMAN_H 1
| #define HAVE_MMAP 1
| #define HAVE_MKOSTEMP 1
| #define HAVE_MKSTEMP 1
| #define HAVE_MMAP_FILE 1
| #define HAVE_MMAP_DEV_ZERO 1
| #define HAVE_MMAP_ANON 1
| #define HAVE_MEMCPY 1
| #define HAVE_ALLOCA_H 1
| #define HAVE_ALLOCA 1
| #define SIZEOF_DOUBLE 8
| #define SIZEOF_LONG_DOUBLE 16
| #define HAVE_LONG_DOUBLE 1
| #define HAVE_AS_CFI_PSEUDO_OP 1
| #define FFI_MMAP_EXEC_WRIT 1
| #define HAVE_RO_EH_FRAME 1
| #define EH_FRAME_FLAGS "a"
| #define HAVE_HIDDEN_VISIBILITY_ATTRIBUTE 1
| #define FFI_EXEC_STATIC_TRAMP 1
| /* end confdefs.h.  */
| 
| int
| main (void)
| {
| return 0;
|   ;
|   return 0;
| }
configure:22118: /home/gia82/.buildozer/android/platform/android-ndk-r28c/toolchains/llvm/prebuilt/linux-x86_64/bin/clang -target aarch64-linux-android24 -fomit-frame-pointer -march=armv8-a -fPIC -o conftest  -lgcc_s -DANDROID -I/home/gia82/.buildozer/android/platform/android-ndk-r28c/toolchains/llvm/prebuilt/linux-x86_64/sysroot/usr/include -I/home/gia82/adware_killer/.buildozer/android/platform/build-arm64-v8a_armeabi-v7a/build/other_builds/python3/arm64-v8a__ndk_target_24/python3/android-build/android-root/include/python3.14   -L/home/gia82/adware_killer/.buildozer/android/platform/build-arm64-v8a_armeabi-v7a/build/libs_collections/adwarekiller/arm64-v8a conftest.c  >&5
ld.lld: error: unable to find library -lgcc_s
clang: error: linker command failed with exit code 1 (use -v to see invocation)
configure:22118: $? = 1
configure: failed program was:
| /* confdefs.h */
| #define PACKAGE_NAME "libffi"
| #define PACKAGE_TARNAME "libffi"
| #define PACKAGE_VERSION "3.4.2"
| #define PACKAGE_STRING "libffi 3.4.2"
| #define PACKAGE_BUGREPORT "http://github.com/libffi/libffi/issues"
| #define PACKAGE_URL ""
| #define PACKAGE "libffi"
| #define VERSION "3.4.2"
| #define HAVE_STDIO_H 1
| #define HAVE_STDLIB_H 1
| #define HAVE_STRING_H 1
| #define HAVE_INTTYPES_H 1
| #define HAVE_STDINT_H 1
| #define HAVE_STRINGS_H 1
| #define HAVE_SYS_STAT_H 1
| #define HAVE_SYS_TYPES_H 1
| #define HAVE_UNISTD_H 1
| #define STDC_HEADERS 1
| #define HAVE_DLFCN_H 1
| #define LT_OBJDIR ".libs/"
| #define SIZEOF_SIZE_T 8
| #define HAVE_SYS_MMAN_H 1
| #define HAVE_MMAP 1
| #define HAVE_MKOSTEMP 1
| #define HAVE_MKSTEMP 1
| #define HAVE_MMAP_FILE 1
| #define HAVE_MMAP_DEV_ZERO 1
| #define HAVE_MMAP_ANON 1
| #define HAVE_MEMCPY 1
| #define HAVE_ALLOCA_H 1
| #define HAVE_ALLOCA 1
| #define SIZEOF_DOUBLE 8
| #define SIZEOF_LONG_DOUBLE 16
| #define HAVE_LONG_DOUBLE 1
| #define HAVE_AS_CFI_PSEUDO_OP 1
| #define FFI_MMAP_EXEC_WRIT 1
| #define HAVE_RO_EH_FRAME 1
| #define EH_FRAME_FLAGS "a"
| #define HAVE_HIDDEN_VISIBILITY_ATTRIBUTE 1
| #define FFI_EXEC_STATIC_TRAMP 1
| /* end confdefs.h.  */
| 
| int
| main (void)
| {
| return 0;
|   ;
|   return 0;
| }
configure:22127: result: no
configure:22213: versioning on shared library symbols is gnu
configure:22334: checking that generated files are newer than configure
configure:22340: result: done
configure:22420: creating ./config.status

## ---------------------- ##
## Running config.status. ##
## ---------------------- ##

This file was extended by libffi config.status 3.4.2, which was
generated by GNU Autoconf 2.72.  Invocation command line was

  CONFIG_FILES    = 
  CONFIG_HEADERS  = 
  CONFIG_LINKS    = 
  CONFIG_COMMANDS = 
  $ ./config.status 

on ThinhGia

config.status:1244: creating include/Makefile
config.status:1244: creating include/ffi.h
config.status:1244: creating Makefile
config.status:1244: creating testsuite/Makefile
config.status:1244: creating man/Makefile
config.status:1244: creating doc/Makefile
config.status:1244: creating libffi.pc
config.status:1244: creating fficonfig.h
config.status:1473: executing buildir commands
config.status:1486: skipping top_srcdir/Makefile - not created
config.status:1473: executing depfiles commands
config.status:1692: cd .       && sed -e '/# am--include-marker/d' Makefile         | make -j4 -f - am--depfiles
config.status:1699: $? = 0
config.status:1473: executing libtool commands
config.status:1473: executing include commands
config.status:1473: executing src commands

## ---------------- ##
## Cache variables. ##
## ---------------- ##

ac_cv_build=x86_64-pc-linux-android
ac_cv_c_bigendian=no
ac_cv_c_compiler_gnu=yes
ac_cv_cflags_warn_all=-Wall
ac_cv_cxx_compiler_gnu=yes
ac_cv_decl_map_anon=yes
ac_cv_env_CCASFLAGS_set=
ac_cv_env_CCASFLAGS_value=
ac_cv_env_CCAS_set=
ac_cv_env_CCAS_value=
ac_cv_env_CPPFLAGS_set=set
ac_cv_env_CPPFLAGS_value='-DANDROID -I/home/gia82/.buildozer/android/platform/android-ndk-r28c/toolchains/llvm/prebuilt/linux-x86_64/sysroot/usr/include -I/home/gia82/adware_killer/.buildozer/android/platform/build-arm64-v8a_armeabi-v7a/build/other_builds/python3/arm64-v8a__ndk_target_24/python3/android-build/android-root/include/python3.14'
ac_cv_env_CXXCPP_set=
ac_cv_env_CXXCPP_value=
ac_cv_env_LT_SYS_LIBRARY_PATH_set=
ac_cv_env_LT_SYS_LIBRARY_PATH_value=
ac_cv_env_build_alias_set=
ac_cv_env_build_alias_value=
ac_cv_env_host_alias_set=set
ac_cv_env_host_alias_value=aarch64-linux-android
ac_cv_env_target_alias_set=
ac_cv_env_target_alias_value=
ac_cv_func_alloca_works=yes
ac_cv_func_memcpy=yes
ac_cv_func_memfd_create=no
ac_cv_func_mkostemp=yes
ac_cv_func_mkstemp=yes
ac_cv_func_mmap=yes
ac_cv_func_mmap_anon=yes
ac_cv_func_mmap_dev_zero=yes
ac_cv_func_mmap_file=yes
ac_cv_header_dlfcn_h=yes
ac_cv_header_inttypes_h=yes
ac_cv_header_stdint_h=yes
ac_cv_header_stdio_h=yes
ac_cv_header_stdlib_h=yes
ac_cv_header_string_h=yes
ac_cv_header_strings_h=yes
ac_cv_header_sys_memfd_h=no
ac_cv_header_sys_mman_h=yes
ac_cv_header_sys_stat_h=yes
ac_cv_header_sys_types_h=yes
ac_cv_header_unistd_h=yes
ac_cv_host=aarch64-unknown-linux-android
ac_cv_objext=o
ac_cv_path_EGREP='/usr/bin/grep -E'
ac_cv_path_EGREP_TRADITIONAL='/usr/bin/grep -E'
ac_cv_path_FGREP='/usr/bin/grep -F'
ac_cv_path_GREP=/usr/bin/grep
ac_cv_path_SED=/usr/bin/sed
ac_cv_path_ax_enable_builddir_sed=sed
ac_cv_path_install='/usr/bin/install -c'
ac_cv_path_lt_DD=/usr/bin/dd
ac_cv_path_mkdir=/usr/bin/mkdir
ac_cv_prog_AR=/home/gia82/.buildozer/android/platform/android-ndk-r28c/toolchains/llvm/prebuilt/linux-x86_64/bin/llvm-ar
ac_cv_prog_AWK=gawk
ac_cv_prog_CC='/home/gia82/.buildozer/android/platform/android-ndk-r28c/toolchains/llvm/prebuilt/linux-x86_64/bin/clang -target aarch64-linux-android24 -fomit-frame-pointer -march=armv8-a -fPIC'
ac_cv_prog_CXXCPP='/home/gia82/.buildozer/android/platform/android-ndk-r28c/toolchains/llvm/prebuilt/linux-x86_64/bin/clang++ -target aarch64-linux-android24 -fomit-frame-pointer -march=armv8-a -fPIC -E'
ac_cv_prog_FILECMD=file
ac_cv_prog_RANLIB=/home/gia82/.buildozer/android/platform/android-ndk-r28c/toolchains/llvm/prebuilt/linux-x86_64/bin/llvm-ranlib
ac_cv_prog_READELF=/home/gia82/.buildozer/android/platform/android-ndk-r28c/toolchains/llvm/prebuilt/linux-x86_64/bin/llvm-readelf
ac_cv_prog_STRIP='/home/gia82/.buildozer/android/platform/android-ndk-r28c/toolchains/llvm/prebuilt/linux-x86_64/bin/llvm-strip --strip-unneeded'
ac_cv_prog_ac_ct_DUMPBIN='link -dump'
ac_cv_prog_ac_ct_OBJDUMP=objdump
ac_cv_prog_cc_c11=
ac_cv_prog_cc_g=yes
ac_cv_prog_cc_stdc=
ac_cv_prog_cxx_cxx11=
ac_cv_prog_cxx_g=yes
ac_cv_prog_cxx_stdcxx=
ac_cv_prog_make_make_set=yes
ac_cv_sizeof_double=8
ac_cv_sizeof_long_double=16
ac_cv_sizeof_size_t=8
ac_cv_target=aarch64-unknown-linux-android
ac_cv_type_size_t=yes
ac_cv_working_alloca_h=yes
am_cv_CCAS_dependencies_compiler_type=gcc3
am_cv_CC_dependencies_compiler_type=gcc3
am_cv_CXX_dependencies_compiler_type=gcc3
am_cv_filesystem_timestamp_resolution=0.01
am_cv_make_support_nested_variables=yes
am_cv_prog_cc_c_o=yes
am_cv_prog_tar_ustar=gnutar
am_cv_sleep_fractional_seconds=yes
am_cv_xargs_n_works=yes
ax_cv_c_compiler_vendor=clang
ax_cv_check_cflags___fno_lto=yes
ax_cv_check_cflags___target_aarch64_linux_android24__fomit_frame_pointer__march_armv8_a__fPIC=yes
gcc_cv_as_cfi_pseudo_op=yes
libffi_cv_as_ptrauth=no
libffi_cv_hidden_visibility_attribute=yes
libffi_cv_no_lto=-fno-lto
libffi_cv_ro_eh_frame=yes
lt_cv_ar_at_file=@
lt_cv_archive_cmds_need_lc=no
lt_cv_deplibs_check_method=pass_all
lt_cv_file_magic_cmd='$MAGIC_CMD'
lt_cv_file_magic_test_file=
lt_cv_ld_reload_flag=-r
lt_cv_nm_interface='BSD nm'
lt_cv_objdir=.libs
lt_cv_path_LD=/home/gia82/.buildozer/android/platform/android-ndk-r28c/toolchains/llvm/prebuilt/linux-x86_64/bin/ld
lt_cv_path_LDCXX=/home/gia82/.buildozer/android/platform/android-ndk-r28c/toolchains/llvm/prebuilt/linux-x86_64/bin/ld
lt_cv_path_NM=no
lt_cv_path_manifest_tool=no
lt_cv_prog_compiler_c_o=yes
lt_cv_prog_compiler_c_o_CXX=yes
lt_cv_prog_compiler_pic='-fPIC -DPIC'
lt_cv_prog_compiler_pic_CXX='-fPIC -DPIC'
lt_cv_prog_compiler_pic_works=yes
lt_cv_prog_compiler_pic_works_CXX=yes
lt_cv_prog_compiler_rtti_exceptions=yes
lt_cv_prog_compiler_static_works=yes
lt_cv_prog_compiler_static_works_CXX=yes
lt_cv_prog_gnu_ld=yes
lt_cv_prog_gnu_ldcxx=yes
lt_cv_sharedlib_from_linklib_cmd='printf %s\n'
lt_cv_sys_global_symbol_pipe='/usr/bin/sed -n -e '\''s/^.*[	 ]\([ABCDGIRSTW][ABCDGIRSTW]*\)[	 ][	 ]*\([_A-Za-z][_A-Za-z0-9]*\)$/\1 \2 \2/p'\'' | /usr/bin/sed '\''/ __gnu_lto/d'\'''
lt_cv_sys_global_symbol_to_c_name_address='/usr/bin/sed -n -e '\''s/^: \(.*\) .*$/  {"\1", (void *) 0},/p'\'' -e '\''s/^[ABCDGIRSTW][ABCDGIRSTW]* .* \(.*\)$/  {"\1", (void *) \&\1},/p'\'''
lt_cv_sys_global_symbol_to_c_name_address_lib_prefix='/usr/bin/sed -n -e '\''s/^: \(.*\) .*$/  {"\1", (void *) 0},/p'\'' -e '\''s/^[ABCDGIRSTW][ABCDGIRSTW]* .* \(lib.*\)$/  {"\1", (void *) \&\1},/p'\'' -e '\''s/^[ABCDGIRSTW][ABCDGIRSTW]* .* \(.*\)$/  {"lib\1", (void *) \&\1},/p'\'''
lt_cv_sys_global_symbol_to_cdecl='/usr/bin/sed -n -e '\''s/^T .* \(.*\)$/extern int \1();/p'\'' -e '\''s/^[ABCDGIRSTW][ABCDGIRSTW]* .* \(.*\)$/extern char \1;/p'\'''
lt_cv_sys_global_symbol_to_import=
lt_cv_sys_max_cmd_len=1572864
lt_cv_sys_symbol_underscore=no
lt_cv_to_host_file_cmd=func_convert_file_noop
lt_cv_to_tool_file_cmd=func_convert_file_noop
lt_cv_truncate_bin='/usr/bin/dd bs=4096 count=1'

## ----------------- ##
## Output variables. ##
## ----------------- ##

ACLOCAL='${SHELL} '\''/home/gia82/adware_killer/.buildozer/android/platform/build-arm64-v8a_armeabi-v7a/build/other_builds/libffi/arm64-v8a__ndk_target_24/libffi/missing'\'' aclocal-1.18'
ALLOCA=''
AMDEPBACKSLASH='\'
AMDEP_FALSE='#'
AMDEP_TRUE=''
AMTAR='$${TAR-tar}'
AM_BACKSLASH='\'
AM_DEFAULT_V='$(AM_DEFAULT_VERBOSITY)'
AM_DEFAULT_VERBOSITY='1'
AM_LTLDFLAGS=''
AM_RUNTESTFLAGS=''
AM_V='$(V)'
AR='/home/gia82/.buildozer/android/platform/android-ndk-r28c/toolchains/llvm/prebuilt/linux-x86_64/bin/llvm-ar'
AUTOCONF='${SHELL} '\''/home/gia82/adware_killer/.buildozer/android/platform/build-arm64-v8a_armeabi-v7a/build/other_builds/libffi/arm64-v8a__ndk_target_24/libffi/missing'\'' autoconf'
AUTOHEADER='${SHELL} '\''/home/gia82/adware_killer/.buildozer/android/platform/build-arm64-v8a_armeabi-v7a/build/other_builds/libffi/arm64-v8a__ndk_target_24/libffi/missing'\'' autoheader'
AUTOMAKE='${SHELL} '\''/home/gia82/adware_killer/.buildozer/android/platform/build-arm64-v8a_armeabi-v7a/build/other_builds/libffi/arm64-v8a__ndk_target_24/libffi/missing'\'' automake-1.18'
AWK='gawk'
BUILD_DOCS_FALSE='#'
BUILD_DOCS_TRUE=''
CC='/home/gia82/.buildozer/android/platform/android-ndk-r28c/toolchains/llvm/prebuilt/linux-x86_64/bin/clang -target aarch64-linux-android24 -fomit-frame-pointer -march=armv8-a -fPIC'
CCAS='/home/gia82/.buildozer/android/platform/android-ndk-r28c/toolchains/llvm/prebuilt/linux-x86_64/bin/clang -target aarch64-linux-android24 -fomit-frame-pointer -march=armv8-a -fPIC'
CCASDEPMODE='depmode=gcc3'
CCASFLAGS='-target aarch64-linux-android24 -fomit-frame-pointer -march=armv8-a -fPIC'
CCDEPMODE='depmode=gcc3'
CFLAGS='-target aarch64-linux-android24 -fomit-frame-pointer -march=armv8-a -fPIC -Wall -fexceptions'
CPPFLAGS='-DANDROID -I/home/gia82/.buildozer/android/platform/android-ndk-r28c/toolchains/llvm/prebuilt/linux-x86_64/sysroot/usr/include -I/home/gia82/adware_killer/.buildozer/android/platform/build-arm64-v8a_armeabi-v7a/build/other_builds/python3/arm64-v8a__ndk_target_24/python3/android-build/android-root/include/python3.14'
CSCOPE='cscope'
CTAGS='ctags'
CXX='/home/gia82/.buildozer/android/platform/android-ndk-r28c/toolchains/llvm/prebuilt/linux-x86_64/bin/clang++ -target aarch64-linux-android24 -fomit-frame-pointer -march=armv8-a -fPIC'
CXXCPP='/home/gia82/.buildozer/android/platform/android-ndk-r28c/toolchains/llvm/prebuilt/linux-x86_64/bin/clang++ -target aarch64-linux-android24 -fomit-frame-pointer -march=armv8-a -fPIC -E'
CXXDEPMODE='depmode=gcc3'
CXXFLAGS='-target aarch64-linux-android24 -fomit-frame-pointer -march=armv8-a -fPIC'
CYGPATH_W='echo'
DEFS='-DHAVE_CONFIG_H'
DEPDIR='.deps'
DLLTOOL='false'
DSYMUTIL=''
DUMPBIN=':'
ECHO_C=''
ECHO_N='-n'
ECHO_T=''
EGREP='/usr/bin/grep -E'
ETAGS='etags'
EXEEXT=''
FFI_DEBUG_FALSE=''
FFI_DEBUG_TRUE='#'
FFI_EXEC_TRAMPOLINE_TABLE='0'
FFI_EXEC_TRAMPOLINE_TABLE_FALSE=''
FFI_EXEC_TRAMPOLINE_TABLE_TRUE='#'
FGREP='/usr/bin/grep -F'
FILECMD='file'
GREP='/usr/bin/grep'
HAVE_LONG_DOUBLE='1'
HAVE_LONG_DOUBLE_VARIANT='0'
INSTALL_DATA='${INSTALL} -m 644'
INSTALL_PROGRAM='${INSTALL}'
INSTALL_SCRIPT='${INSTALL}'
INSTALL_STRIP_PROGRAM='$(install_sh) -c -s'
LD='/home/gia82/.buildozer/android/platform/android-ndk-r28c/toolchains/llvm/prebuilt/linux-x86_64/bin/ld'
LDFLAGS='  -L/home/gia82/adware_killer/.buildozer/android/platform/build-arm64-v8a_armeabi-v7a/build/libs_collections/adwarekiller/arm64-v8a'
LIBFFI_BUILD_VERSIONED_SHLIB_FALSE='#'
LIBFFI_BUILD_VERSIONED_SHLIB_GNU_FALSE='#'
LIBFFI_BUILD_VERSIONED_SHLIB_GNU_TRUE=''
LIBFFI_BUILD_VERSIONED_SHLIB_SUN_FALSE=''
LIBFFI_BUILD_VERSIONED_SHLIB_SUN_TRUE='#'
LIBFFI_BUILD_VERSIONED_SHLIB_TRUE=''
LIBOBJS=''
LIBS=''
LIBTOOL='$(SHELL) $(top_builddir)/libtool'
LIPO=''
LN_S='ln -s'
LTLIBOBJS=''
LT_SYS_LIBRARY_PATH=''
MAINT='#'
MAINTAINER_MODE_FALSE=''
MAINTAINER_MODE_TRUE='#'
MAKEINFO='${SHELL} '\''/home/gia82/adware_killer/.buildozer/android/platform/build-arm64-v8a_armeabi-v7a/build/other_builds/libffi/arm64-v8a__ndk_target_24/libffi/missing'\'' makeinfo'
MANIFEST_TOOL=':'
MKDIR_P='/usr/bin/mkdir -p'
NM='nm'
NMEDIT=''
OBJDUMP='objdump'
OBJEXT='o'
OPT_LDFLAGS='-Wl,-O1 '
OTOOL64=''
OTOOL=''
PACKAGE='libffi'
PACKAGE_BUGREPORT='http://github.com/libffi/libffi/issues'
PACKAGE_NAME='libffi'
PACKAGE_STRING='libffi 3.4.2'
PACKAGE_TARNAME='libffi'
PACKAGE_URL=''
PACKAGE_VERSION='3.4.2'
PATH_SEPARATOR=':'
PRTDIAG=''
RANLIB='/home/gia82/.buildozer/android/platform/android-ndk-r28c/toolchains/llvm/prebuilt/linux-x86_64/bin/llvm-ranlib'
READELF='/home/gia82/.buildozer/android/platform/android-ndk-r28c/toolchains/llvm/prebuilt/linux-x86_64/bin/llvm-readelf'
SECTION_LDFLAGS=''
SED='/usr/bin/sed'
SET_MAKE=''
SHELL='/bin/bash'
STRIP='/home/gia82/.buildozer/android/platform/android-ndk-r28c/toolchains/llvm/prebuilt/linux-x86_64/bin/llvm-strip --strip-unneeded'
TARGET='AARCH64'
TARGETDIR='aarch64'
TARGET_OBJ=' src/aarch64/ffi.lo src/aarch64/sysv.lo'
TESTSUBDIR_FALSE='#'
TESTSUBDIR_TRUE=''
VERSION='3.4.2'
ac_ct_AR=''
ac_ct_CC=''
ac_ct_CXX=''
ac_ct_DUMPBIN='link -dump'
am__EXEEXT_FALSE=''
am__EXEEXT_TRUE='#'
am__fastdepCCAS_FALSE='#'
am__fastdepCCAS_TRUE=''
am__fastdepCC_FALSE='#'
am__fastdepCC_TRUE=''
am__fastdepCXX_FALSE='#'
am__fastdepCXX_TRUE=''
am__include='include'
am__isrc=''
am__leading_dot='.'
am__nodep='_no'
am__quote=''
am__rm_f_notfound=''
am__tar='tar --format=ustar -chf - "$$tardir"'
am__untar='tar -xf -'
am__xargs_n='xargs -n'
ax_enable_builddir_sed='sed'
bindir='${exec_prefix}/bin'
build='x86_64-pc-linux-android'
build_alias=''
build_cpu='x86_64'
build_os='linux-android'
build_vendor='pc'
datadir='${datarootdir}'
datarootdir='${prefix}/share'
docdir='${datarootdir}/doc/${PACKAGE_TARNAME}'
dvidir='${docdir}'
exec_prefix='${prefix}'
host='aarch64-unknown-linux-android'
host_alias='aarch64-linux-android'
host_cpu='aarch64'
host_os='linux-android'
host_vendor='unknown'
htmldir='${docdir}'
includedir='${prefix}/include'
infodir='${datarootdir}/info'
install_sh='${SHELL} /home/gia82/adware_killer/.buildozer/android/platform/build-arm64-v8a_armeabi-v7a/build/other_builds/libffi/arm64-v8a__ndk_target_24/libffi/install-sh'
libdir='${exec_prefix}/lib'
libexecdir='${exec_prefix}/libexec'
localedir='${datarootdir}/locale'
localstatedir='${prefix}/var'
mandir='${datarootdir}/man'
mkdir_p='$(MKDIR_P)'
oldincludedir='/usr/include'
pdfdir='${docdir}'
prefix='/home/gia82/adware_killer/.buildozer/android/platform/build-arm64-v8a_armeabi-v7a/build/other_builds/libffi/arm64-v8a__ndk_target_24/libffi'
program_transform_name='s,x,x,'
psdir='${docdir}'
runstatedir='${localstatedir}/run'
sbindir='${exec_prefix}/sbin'
sharedstatedir='${prefix}/com'
sys_symbol_underscore='no'
sysconfdir='${prefix}/etc'
target='aarch64-unknown-linux-android'
target_alias='aarch64-linux-android'
target_cpu='aarch64'
target_os='linux-android'
target_vendor='unknown'
toolexecdir='${libdir}/gcc-lib/$(target_alias)'
toolexeclibdir='${libdir}'

## ----------- ##
## confdefs.h. ##
## ----------- ##

/* confdefs.h */
#define PACKAGE_NAME "libffi"
#define PACKAGE_TARNAME "libffi"
#define PACKAGE_VERSION "3.4.2"
#define PACKAGE_STRING "libffi 3.4.2"
#define PACKAGE_BUGREPORT "http://github.com/libffi/libffi/issues"
#define PACKAGE_URL ""
#define PACKAGE "libffi"
#define VERSION "3.4.2"
#define HAVE_STDIO_H 1
#define HAVE_STDLIB_H 1
#define HAVE_STRING_H 1
#define HAVE_INTTYPES_H 1
#define HAVE_STDINT_H 1
#define HAVE_STRINGS_H 1
#define HAVE_SYS_STAT_H 1
#define HAVE_SYS_TYPES_H 1
#define HAVE_UNISTD_H 1
#define STDC_HEADERS 1
#define HAVE_DLFCN_H 1
#define LT_OBJDIR ".libs/"
#define SIZEOF_SIZE_T 8
#define HAVE_SYS_MMAN_H 1
#define HAVE_MMAP 1
#define HAVE_MKOSTEMP 1
#define HAVE_MKSTEMP 1
#define HAVE_MMAP_FILE 1
#define HAVE_MMAP_DEV_ZERO 1
#define HAVE_MMAP_ANON 1
#define HAVE_MEMCPY 1
#define HAVE_ALLOCA_H 1
#define HAVE_ALLOCA 1
#define SIZEOF_DOUBLE 8
#define SIZEOF_LONG_DOUBLE 16
#define HAVE_LONG_DOUBLE 1
#define HAVE_AS_CFI_PSEUDO_OP 1
#define FFI_MMAP_EXEC_WRIT 1
#define HAVE_RO_EH_FRAME 1
#define EH_FRAME_FLAGS "a"
#define HAVE_HIDDEN_VISIBILITY_ATTRIBUTE 1
#define FFI_EXEC_STATIC_TRAMP 1
#define LIBFFI_GNU_SYMBOL_VERSIONING 1

configure: exit 0
